0,函館
1,五稜郭
2,桔梗
3,大中山
4,七飯
5,新函館北斗
6,仁山
7,大沼
8,大沼公園
9,赤井川
10,駒ケ岳
11,東山
12,姫川
13,池田園
14,流山温泉
15,銚子口
16,鹿部
17,渡島沼尻
18,渡島砂原
19,掛澗
20,尾白内
21,東森
22,森
23,桂川
24,石谷
25,本石倉
26,石倉
27,落部
28,野田生
29,山越
30,八雲
31,鷲ノ巣
32,山崎
33,黒岩
34,北豊津
35,国縫
36,中ノ沢
37,長万部
38,二股
39,蕨岱
40,黒松内
41,熱郛
42,目名
43,蘭越
44,昆布
45,ニセコ
46,比羅夫
47,倶知安
48,小沢
49,銀山
50,然別
51,仁木
52,余市
53,蘭島
54,塩谷
55,小樽
56,南小樽
57,小樽築港
58,朝里
59,銭函
60,ほしみ
61,星置
62,稲穂
63,手稲
64,稲積公園
65,発寒
66,発寒中央
67,琴似
68,桑園
69,札幌
70,苗穂
71,白石
72,厚別
73,森林公園
74,大麻
75,野幌
76,高砂
77,江別
78,豊幌
79,幌向
80,上幌向
81,岩見沢
82,峰延
83,光珠内
84,美唄
85,茶志内
86,奈井江
87,豊沼
88,砂川
89,滝川
90,江部乙
91,妹背牛
92,深川
93,納内
94,伊納
95,近文
96,旭川
97,静狩
98,小幌
99,礼文
100,大岸
101,豊浦
102,洞爺
103,有珠
104,長和
105,伊達紋別
106,北舟岡
107,稀府
108,黄金
109,崎守
110,本輪西
111,室蘭
112,母恋
113,御崎
114,輪西
115,東室蘭
116,鷲別
117,幌別
118,富浦
119,登別
120,虎杖浜
121,竹浦
122,北吉原
123,萩野
124,白老
125,社台
126,錦岡
127,糸井
128,青葉
129,苫小牧
130,沼ノ端
131,遠浅
132,早来
133,安平
134,追分
135,三川
136,古山
137,由仁
138,栗山
139,栗丘
140,栗沢
141,志文
142,東滝川
143,赤平
144,茂尻
145,平岸
146,芦別
147,上芦別
148,野花南
149,島ノ下
150,富良野
151,布部
152,山部
153,下金山
154,金山
155,東鹿越
156,幾寅
157,落合
158,新得
159,十勝清水
160,羽帯
161,御影
162,芽室
163,大成
164,西帯広
165,柏林台
166,帯広
167,札内
168,稲士別
169,幕別
170,利別
171,池田
172,十弗
173,豊頃
174,新吉野
175,浦幌
176,上厚内
177,厚内
178,直別
179,尺別
180,音別
181,古瀬
182,白糠
183,西庶路
184,庶路
185,大楽毛
186,新大楽毛
187,新富士
188,釧路
189,東釧路
190,武佐
191,別保
192,上尾幌
193,尾幌
194,門静
195,厚岸
196,糸魚沢
197,茶内
198,浜中
199,姉別
200,厚床
201,初田牛
202,別当賀
203,落石
204,昆布盛
205,西和田
206,花咲
207,東根室
208,根室
209,植苗
210,美々
211,新千歳空港
212,南千歳
213,千歳
214,長都
215,サッポロビール庭園
216,恵庭
217,恵み野
218,島松
219,北広島
220,上野幌
221,新札幌
222,平和
223,東追分
224,川端
225,滝ノ上
226,十三里
227,新夕張
228,沼ノ沢
229,南清水沢
230,清水沢
231,鹿ノ谷
232,夕張
233,占冠
234,トマム
235,勇払
236,浜厚真
237,浜田浦
238,鵡川
239,汐見
240,富川
241,日高門別
242,豊郷
243,清畠
244,厚賀
245,大狩部
246,節婦
247,新冠
248,静内
249,静内海水浴場
250,東静内
251,春立
252,日高東別
253,日高三石
254,蓬栄
255,本桐
256,荻伏
257,絵笛
258,浦河
259,東町
260,日高幌別
261,鵜苫
262,西様似
263,様似
264,八軒
265,新川
266,新琴似
267,太平
268,百合が原
269,篠路
270,拓北
271,あいの里教育大
272,あいの里公園
273,石狩太美
274,石狩当別
275,北海道医療大学
276,石狩金沢
277,本中小屋
278,中小屋
279,月ケ岡
280,知来乙
281,石狩月形
282,豊ケ岡
283,札比内
284,晩生内
285,札的
286,浦臼
287,鶴沼
288,於札内
289,南下徳富
290,下徳富
291,新十津川
292,北一已
293,秩父別
294,北秩父別
295,石狩沼田
296,真布
297,恵比島
298,峠下
299,幌糠
300,藤山
301,大和田
302,留萌
303,瀬越
304,浜中海水浴場
305,礼受
306,阿分
307,信砂
308,舎熊
309,朱文別
310,箸別
311,増毛
312,神楽岡
313,緑が丘
314,西御料
315,西瑞穂
316,西神楽
317,西聖和
318,千代ケ岡
319,北美瑛
320,美瑛
321,美馬牛
322,上富良野
323,西中
324,ラベンダー畑
325,中富良野
326,鹿討
327,学田
328,旭川四条
329,新旭川
330,永山
331,北永山
332,南比布
333,比布
334,北比布
335,蘭留
336,塩狩
337,和寒
338,東六線
339,剣淵
340,北剣淵
341,士別
342,下士別
343,多寄
344,瑞穂
345,風連
346,東風連
347,名寄
348,日進
349,北星
350,智恵文
351,智北
352,南美深
353,美深
354,初野
355,紋穂内
356,恩根内
357,豊清水
358,天塩川温泉
359,咲来
360,音威子府
361,筬島
362,佐久
363,天塩中川
364,歌内
365,問寒別
366,糠南
367,雄信内
368,安牛
369,南幌延
370,上幌延
371,幌延
372,下沼
373,豊富
374,徳満
375,兜沼
376,勇知
377,抜海
378,南稚内
379,稚内
380,南永山
381,東旭川
382,北日ノ出
383,桜岡
384,当麻
385,将軍山
386,伊香牛
387,愛別
388,中愛別
389,愛山
390,安足間
391,東雲
392,上川
393,上白滝
394,白滝
395,旧白滝
396,下白滝
397,丸瀬布
398,瀬戸瀬
399,遠軽
400,安国
401,生野
402,生田原
403,金華
404,西留辺蘂
405,留辺蘂
406,相内
407,東相内
408,西北見
409,北見
410,柏陽
411,愛し野
412,端野
413,緋牛内
414,美幌
415,西女満別
416,女満別
417,呼人
418,網走
419,桂台
420,鱒浦
421,藻琴
422,北浜
423,原生花園
424,浜小清水
425,止別
426,知床斜里
427,中斜里
428,南斜里
429,清里町
430,札弦
431,緑
432,川湯温泉
433,美留和
434,摩周
435,南弟子屈
436,磯分内
437,標茶
438,五十石
439,茅沼
440,塘路
441,細岡
442,釧路湿原
443,遠矢
444,中小国
445,津軽今別
446,竜飛海底
447,吉岡海底
448,知内
449,木古内
450,江差
451,上ノ国
452,中須田
453,桂岡
454,宮越
455,湯ノ岱
456,神明
457,吉堀
458,渡島鶴岡
459,札苅
460,泉沢
461,釜谷
462,渡島当別
463,茂辺地
464,上磯
465,清川口
466,久根別
467,東久根別
468,七重浜
469,八戸
470,新庄
471,泉田
472,羽前豊里
473,真室川
474,釜淵
475,大滝
476,及位
477,院内
478,横堀
479,三関
480,上湯沢
481,湯沢
482,下湯沢
483,十文字
484,醍醐
485,柳田
486,横手
487,後三年
488,飯詰
489,大曲
490,神宮寺
491,刈和野
492,峰吉川
493,羽後境
494,大張野
495,和田
496,四ツ小屋
497,秋田
498,土崎
499,上飯島
500,追分
501,大久保
502,羽後飯塚
503,井川さくら
504,八郎潟
505,鯉川
506,鹿渡
507,森岳
508,北金岡
509,東能代
510,鶴形
511,富根
512,二ツ井
513,前山
514,鷹ノ巣
515,糠沢
516,早口
517,下川沿
518,大館
519,白沢
520,陣場
521,津軽湯の沢
522,碇ケ関
523,長峰
524,大鰐温泉
525,石川
526,弘前
527,撫牛子
528,川部
529,北常盤
530,浪岡
531,大釈迦
532,鶴ケ坂
533,津軽新城
534,新青森
535,青森
536,野辺地
537,北野辺地
538,有戸
539,吹越
540,陸奥横浜
541,有畑
542,近川
543,金谷沢
544,赤川
545,下北
546,大湊
547,能代
548,向能代
549,北能代
550,鳥形
551,沢目
552,東八森
553,八森
554,滝ノ間
555,あきた白神
556,岩館
557,大間越
558,白神岳登山口
559,松神
560,十二湖
561,陸奥岩崎
562,陸奥沢辺
563,ウェスパ椿山
564,艫作
565,横磯
566,深浦
567,広戸
568,追良瀬
569,驫木
570,風合瀬
571,大戸瀬
572,千畳敷
573,北金ケ沢
574,陸奥柳田
575,陸奥赤石
576,鰺ケ沢
577,鳴沢
578,越水
579,陸奥森田
580,中田
581,木造
582,五所川原
583,陸奥鶴田
584,鶴泊
585,板柳
586,林崎
587,藤崎
588,油川
589,津軽宮田
590,奥内
591,左堰
592,後潟
593,中沢
594,蓬田
595,郷沢
596,瀬辺地
597,蟹田
598,大平
599,大川平
600,今別
601,津軽浜名
602,三厩
603,長苗代
604,本八戸
605,小中野
606,陸奥湊
607,白銀
608,鮫
609,プレイピア白浜
610,陸奥白浜
611,種差海岸
612,大久喜
613,金浜
614,大蛇
615,階上
616,角の浜
617,平内
618,種市
619,玉川
620,宿戸
621,陸中八木
622,有家
623,陸中中野
624,侍浜
625,陸中夏井
626,久慈
627,茂市
628,岩手刈屋
629,中里
630,岩手和井内
631,押角
632,岩手大川
633,浅内
634,二升石
635,岩泉
636,一ノ関
637,真滝
638,陸中門崎
639,岩ノ下
640,陸中松川
641,猊鼻渓
642,柴宿
643,摺沢
644,千厩
645,小梨
646,矢越
647,折壁
648,新月
649,気仙沼
650,鹿折唐桑
651,上鹿折
652,陸前矢作
653,竹駒
654,陸前高田
655,脇ノ沢
656,小友
657,細浦
658,下船渡
659,大船渡
660,盛
661,花巻
662,似内
663,新花巻
664,小山田
665,土沢
666,晴山
667,岩根橋
668,宮守
669,柏木平
670,鱒沢
671,荒谷前
672,岩手二日町
673,綾織
674,遠野
675,青笹
676,岩手上郷
677,平倉
678,足ケ瀬
679,上有住
680,陸中大橋
681,洞泉
682,松倉
683,小佐野
684,釜石
685,北上
686,柳原
687,江釣子
688,藤根
689,立川目
690,横川目
691,岩沢
692,和賀仙人
693,ゆだ錦秋湖
694,ほっとゆだ
695,ゆだ高原
696,黒沢
697,小松川
698,平石
699,相野々
700,矢美津
701,盛岡
702,大釜
703,小岩井
704,雫石
705,春木場
706,赤渕
707,田沢湖
708,刺巻
709,神代
710,生田
711,角館
712,鶯野
713,羽後長野
714,鑓見内
715,羽後四ツ屋
716,北大曲
717,好摩
718,東大更
719,大更
720,平館
721,北森
722,松尾八幡平
723,安比高原
724,赤坂田
725,小屋の畑
726,荒屋新町
727,横間
728,田山
729,兄畑
730,湯瀬温泉
731,八幡平
732,陸中大里
733,鹿角花輪
734,柴平
735,十和田南
736,末広
737,土深井
738,沢尻
739,十二所
740,大滝温泉
741,扇田
742,東大館
743,上盛岡
744,山岸
745,上米内
746,大志田
747,浅岸
748,区界
749,松草
750,平津戸
751,川内
752,箱石
753,陸中川井
754,腹帯
755,蟇目
756,花原市
757,千徳
758,宮古
759,磯鶏
760,津軽石
761,豊間根
762,陸中山田
763,織笠
764,岩手船越
765,浪板海岸
766,吉里吉里
767,大槌
768,鵜住居
769,両石
770,新津
771,京ケ瀬
772,水原
773,神山
774,月岡
775,中浦
776,新発田
777,加治
778,金塚
779,中条
780,平木田
781,坂町
782,平林
783,岩船町
784,村上
785,間島
786,越後早川
787,桑川
788,今川
789,越後寒川
790,勝木
791,府屋
792,鼠ケ関
793,小岩川
794,あつみ温泉
795,五十川
796,小波渡
797,三瀬
798,羽前水沢
799,羽前大山
800,鶴岡
801,藤島
802,西袋
803,余目
804,北余目
805,砂越
806,東酒田
807,酒田
808,本楯
809,南鳥海
810,遊佐
811,吹浦
812,女鹿
813,小砂川
814,上浜
815,象潟
816,金浦
817,仁賀保
818,西目
819,羽後本荘
820,羽後岩谷
821,折渡
822,羽後亀田
823,岩城みなと
824,道川
825,下浜
826,桂根
827,新屋
828,羽後牛島
829,出戸浜
830,上二田
831,二田
832,天王
833,船越
834,脇本
835,羽立
836,男鹿
837,福島
838,笹木野
839,庭坂
840,赤岩
841,板谷
842,峠
843,大沢
844,関根
845,米沢
846,置賜
847,高畠
848,赤湯
849,中川
850,羽前中山
851,かみのやま温泉
852,茂吉記念館前
853,蔵王
854,山形
855,北山形
856,羽前千歳
857,南出羽
858,漆山
859,高擶
860,天童南
861,天童
862,乱川
863,神町
864,さくらんぼ東根
865,東根
866,村山
867,袖崎
868,大石田
869,北大石田
870,芦沢
871,舟形
872,仙台
873,東照宮
874,北仙台
875,北山
876,東北福祉大前
877,国見
878,葛岡
879,陸前落合
880,愛子
881,陸前白沢
882,熊ケ根
883,西仙台ハイランド
884,作並
885,八ツ森
886,奥新川
887,面白山高原
888,山寺
889,高瀬
890,楯山
891,東金井
892,羽前山辺
893,羽前金沢
894,羽前長崎
895,南寒河江
896,寒河江
897,西寒河江
898,羽前高松
899,柴橋
900,左沢
901,南米沢
902,西米沢
903,成島
904,中郡
905,羽前小松
906,犬川
907,今泉
908,萩生
909,羽前椿
910,手ノ子
911,羽前沼沢
912,伊佐領
913,羽前松岡
914,小国
915,越後金丸
916,越後片貝
917,越後下関
918,越後大島
919,升形
920,羽前前波
921,津谷
922,古口
923,高屋
924,清川
925,狩川
926,南野
927,小牛田
928,北浦
929,陸前谷地
930,古川
931,塚目
932,西古川
933,東大崎
934,西大崎
935,岩出山
936,有備館
937,上野目
938,池月
939,川渡温泉
940,鳴子御殿湯
941,鳴子温泉
942,中山平温泉
943,堺田
944,赤倉温泉
945,立小路
946,最上
947,大堀
948,鵜杉
949,瀬見温泉
950,東長沢
951,長沢
952,南新庄
953,あおば通
954,榴ケ岡
955,宮城野原
956,陸前原ノ町
957,苦竹
958,小鶴新田
959,福田町
960,陸前高砂
961,中野栄
962,多賀城
963,下馬
964,西塩釜
965,本塩釜
966,東塩釜
967,陸前浜田
968,松島海岸
969,高城町
970,手樽
971,陸前富山
972,陸前大塚
973,東名
974,野蒜
975,陸前小野
976,鹿妻
977,矢本
978,東矢本
979,陸前赤井
980,石巻あゆみ野
981,蛇田
982,陸前山下
983,石巻
984,上涌谷
985,涌谷
986,前谷地
987,佳景山
988,鹿又
989,曽波神
990,陸前稲井
991,渡波
992,万石浦
993,沢田
994,浦宿
995,女川
996,和渕
997,のの岳
998,陸前豊里
999,御岳堂
1000,柳津
1001,陸前横山
1002,陸前戸倉
1003,志津川
1004,清水浜
1005,歌津
1006,陸前港
1007,蔵内
1008,陸前小泉
1009,本吉
1010,小金沢
1011,大谷海岸
1012,陸前階上
1013,最知
1014,松岩
1015,南気仙沼
1016,不動の沢
1017,郡山
1018,郡山富田
1019,喜久田
1020,安子ケ島
1021,磐梯熱海
1022,中山宿
1023,上戸
1024,猪苗代湖畔
1025,関都
1026,川桁
1027,猪苗代
1028,翁島
1029,磐梯町
1030,東長原
1031,広田
1032,会津若松
1033,堂島
1034,笈川
1035,塩川
1036,姥堂
1037,会津豊川
1038,喜多方
1039,山都
1040,荻野
1041,尾登
1042,野沢
1043,上野尻
1044,徳沢
1045,豊実
1046,日出谷
1047,鹿瀬
1048,津川
1049,三川
1050,五十島
1051,東下条
1052,咲花
1053,馬下
1054,猿和田
1055,五泉
1056,北五泉
1057,新関
1058,東新津
1059,七日町
1060,西若松
1061,会津本郷
1062,会津高田
1063,根岸
1064,新鶴
1065,若宮
1066,会津坂下
1067,塔寺
1068,会津坂本
1069,会津柳津
1070,郷戸
1071,滝谷
1072,会津桧原
1073,会津西方
1074,会津宮下
1075,早戸
1076,会津水沼
1077,会津中川
1078,会津川口
1079,本名
1080,会津越川
1081,会津横田
1082,会津大塩
1083,会津塩沢
1084,会津蒲生
1085,只見
1086,田子倉
1087,大白川
1088,柿ノ木
1089,入広瀬
1090,上条
1091,越後須原
1092,魚沼田中
1093,越後広瀬
1094,藪神
1095,小出
1096,いわき
1097,赤井
1098,小川郷
1099,江田
1100,川前
1101,夏井
1102,小野新町
1103,神俣
1104,菅谷
1105,大越
1106,磐城常葉
1107,船引
1108,要田
1109,三春
1110,舞木
1111,黒磯
1112,高久
1113,黒田原
1114,豊原
1115,白坂
1116,新白河
1117,白河
1118,久田野
1119,泉崎
1120,矢吹
1121,鏡石
1122,須賀川
1123,安積永盛
1124,日和田
1125,五百川
1126,本宮
1127,杉田
1128,二本松
1129,安達
1130,松川
1131,金谷川
1132,南福島
1133,東福島
1134,伊達
1135,桑折
1136,藤田
1137,貝田
1138,越河
1139,白石
1140,東白石
1141,北白川
1142,大河原
1143,船岡
1144,槻木
1145,岩沼
1146,館腰
1147,名取
1148,南仙台
1149,太子堂
1150,長町
1151,東仙台
1152,岩切
1153,新利府
1154,利府
1155,陸前山王
1156,国府多賀城
1157,塩釜
1158,松島
1159,愛宕
1160,品井沼
1161,鹿島台
1162,松山町
1163,田尻
1164,瀬峰
1165,梅ケ沢
1166,新田
1167,石越
1168,油島
1169,花泉
1170,清水原
1171,有壁
1172,山ノ目
1173,平泉
1174,前沢
1175,陸中折居
1176,水沢
1177,金ケ崎
1178,六原
1179,村崎野
1180,花巻空港
1181,石鳥谷
1182,日詰
1183,紫波中央
1184,古館
1185,矢幅
1186,岩手飯岡
1187,仙北町
1188,東京
1189,新橋
1190,品川
1191,川崎
1192,横浜
1193,戸塚
1194,大船
1195,藤沢
1196,辻堂
1197,茅ケ崎
1198,平塚
1199,大磯
1200,二宮
1201,国府津
1202,鴨宮
1203,小田原
1204,早川
1205,根府川
1206,真鶴
1207,湯河原
1208,熱海
1209,大崎
1210,五反田
1211,目黒
1212,恵比寿
1213,渋谷
1214,原宿
1215,代々木
1216,新宿
1217,新大久保
1218,高田馬場
1219,目白
1220,池袋
1221,大塚
1222,巣鴨
1223,駒込
1224,田端
1225,西日暮里
1226,日暮里
1227,鶯谷
1228,上野
1229,御徒町
1230,秋葉原
1231,神田
1232,有楽町
1233,浜松町
1234,田町
1235,尻手
1236,矢向
1237,鹿島田
1238,平間
1239,向河原
1240,武蔵小杉
1241,武蔵中原
1242,武蔵新城
1243,武蔵溝ノ口
1244,津田山
1245,久地
1246,宿河原
1247,登戸
1248,中野島
1249,稲田堤
1250,矢野口
1251,稲城長沼
1252,南多摩
1253,府中本町
1254,分倍河原
1255,西府
1256,谷保
1257,矢川
1258,西国立
1259,立川
1260,八丁畷
1261,川崎新町
1262,小田栄
1263,浜川崎
1264,鶴見
1265,国道
1266,鶴見小野
1267,弁天橋
1268,浅野
1269,新芝浦
1270,海芝浦
1271,安善
1272,大川
1273,武蔵白石
1274,昭和
1275,扇町
1276,北府中
1277,西国分寺
1278,新小平
1279,新秋津
1280,東所沢
1281,新座
1282,北朝霞
1283,西浦和
1284,武蔵浦和
1285,南浦和
1286,東浦和
1287,東川口
1288,南越谷
1289,越谷レイクタウン
1290,吉川
1291,吉川美南
1292,新三郷
1293,三郷
1294,南流山
1295,新松戸
1296,新八柱
1297,東松戸
1298,市川大野
1299,船橋法典
1300,西船橋
1301,東神奈川
1302,大口
1303,菊名
1304,新横浜
1305,小机
1306,鴨居
1307,中山
1308,十日市場
1309,長津田
1310,成瀬
1311,町田
1312,古淵
1313,淵野辺
1314,矢部
1315,相模原
1316,橋本
1317,相原
1318,八王子みなみ野
1319,片倉
1320,八王子
1321,桜木町
1322,関内
1323,石川町
1324,山手
1325,根岸
1326,磯子
1327,新杉田
1328,洋光台
1329,港南台
1330,本郷台
1331,西大井
1332,新川崎
1333,保土ケ谷
1334,東戸塚
1335,北鎌倉
1336,鎌倉
1337,逗子
1338,東逗子
1339,田浦
1340,横須賀
1341,衣笠
1342,久里浜
1343,北茅ケ崎
1344,香川
1345,寒川
1346,宮山
1347,倉見
1348,門沢橋
1349,社家
1350,厚木
1351,海老名
1352,入谷
1353,相武台下
1354,下溝
1355,原当麻
1356,番田
1357,上溝
1358,南橋本
1359,四ツ谷
1360,吉祥寺
1361,三鷹
1362,国分寺
1363,日野
1364,豊田
1365,西八王子
1366,高尾
1367,相模湖
1368,藤野
1369,上野原
1370,四方津
1371,梁川
1372,鳥沢
1373,猿橋
1374,大月
1375,初狩
1376,笹子
1377,甲斐大和
1378,勝沼ぶどう郷
1379,塩山
1380,東山梨
1381,山梨市
1382,春日居町
1383,石和温泉
1384,酒折
1385,甲府
1386,竜王
1387,塩崎
1388,韮崎
1389,新府
1390,穴山
1391,日野春
1392,長坂
1393,小淵沢
1394,信濃境
1395,富士見
1396,すずらんの里
1397,青柳
1398,茅野
1399,上諏訪
1400,下諏訪
1401,岡谷
1402,みどり湖
1403,川岸
1404,辰野
1405,信濃川島
1406,小野
1407,塩尻
1408,御茶ノ水
1409,中野
1410,高円寺
1411,阿佐ケ谷
1412,荻窪
1413,西荻窪
1414,武蔵境
1415,東小金井
1416,武蔵小金井
1417,国立
1418,東中野
1419,大久保
1420,千駄ケ谷
1421,信濃町
1422,市ケ谷
1423,飯田橋
1424,水道橋
1425,浅草橋
1426,両国
1427,錦糸町
1428,亀戸
1429,平井
1430,新小岩
1431,小岩
1432,市川
1433,本八幡
1434,下総中山
1435,船橋
1436,東船橋
1437,津田沼
1438,幕張本郷
1439,幕張
1440,新検見川
1441,稲毛
1442,西千葉
1443,千葉
1444,新日本橋
1445,馬喰町
1446,東千葉
1447,都賀
1448,四街道
1449,物井
1450,佐倉
1451,南酒々井
1452,榎戸
1453,八街
1454,日向
1455,成東
1456,松尾
1457,横芝
1458,飯倉
1459,八日市場
1460,干潟
1461,旭
1462,飯岡
1463,倉橋
1464,猿田
1465,松岸
1466,銚子
1467,西立川
1468,東中神
1469,中神
1470,昭島
1471,拝島
1472,牛浜
1473,福生
1474,羽村
1475,小作
1476,河辺
1477,東青梅
1478,青梅
1479,宮ノ平
1480,日向和田
1481,石神前
1482,二俣尾
1483,軍畑
1484,沢井
1485,御嶽
1486,川井
1487,古里
1488,鳩ノ巣
1489,白丸
1490,奥多摩
1491,熊川
1492,東秋留
1493,秋川
1494,武蔵引田
1495,武蔵増戸
1496,武蔵五日市
1497,北八王子
1498,小宮
1499,東福生
1500,箱根ケ崎
1501,金子
1502,東飯能
1503,高麗川
1504,毛呂
1505,越生
1506,明覚
1507,小川町
1508,竹沢
1509,折原
1510,寄居
1511,用土
1512,松久
1513,児玉
1514,丹荘
1515,群馬藤岡
1516,北藤岡
1517,倉賀野
1518,高崎
1519,尾久
1520,赤羽
1521,浦和
1522,さいたま新都心
1523,大宮
1524,土呂
1525,東大宮
1526,蓮田
1527,白岡
1528,新白岡
1529,久喜
1530,東鷲宮
1531,栗橋
1532,古河
1533,野木
1534,間々田
1535,小山
1536,小金井
1537,自治医大
1538,石橋
1539,雀宮
1540,宇都宮
1541,岡本
1542,宝積寺
1543,氏家
1544,蒲須坂
1545,片岡
1546,矢板
1547,野崎
1548,西那須野
1549,那須塩原
1550,三河島
1551,南千住
1552,北千住
1553,綾瀬
1554,亀有
1555,金町
1556,松戸
1557,北松戸
1558,馬橋
1559,北小金
1560,南柏
1561,柏
1562,北柏
1563,我孫子
1564,天王台
1565,取手
1566,藤代
1567,佐貫
1568,牛久
1569,ひたち野うしく
1570,荒川沖
1571,土浦
1572,神立
1573,高浜
1574,石岡
1575,羽鳥
1576,岩間
1577,友部
1578,内原
1579,赤塚
1580,偕楽園
1581,水戸
1582,勝田
1583,佐和
1584,東海
1585,大甕
1586,常陸多賀
1587,日立
1588,小木津
1589,十王
1590,高萩
1591,南中郷
1592,磯原
1593,大津港
1594,勿来
1595,植田
1596,泉
1597,湯本
1598,内郷
1599,草野
1600,四ツ倉
1601,久ノ浜
1602,末続
1603,広野
1604,Jヴィレッジ
1605,木戸
1606,竜田
1607,富岡
1608,夜ノ森
1609,大野
1610,双葉
1611,浪江
1612,桃内
1613,小高
1614,磐城太田
1615,原ノ町
1616,鹿島
1617,日立木
1618,相馬
1619,駒ケ嶺
1620,新地
1621,坂元
1622,山下
1623,浜吉田
1624,亘理
1625,逢隈
1626,板橋
1627,十条
1628,北赤羽
1629,浮間舟渡
1630,戸田公園
1631,戸田
1632,北戸田
1633,中浦和
1634,南与野
1635,与野本町
1636,北与野
1637,日進
1638,指扇
1639,南古谷
1640,川越
1641,西大宮
1642,西川越
1643,的場
1644,笠幡
1645,武蔵高萩
1646,宮原
1647,上尾
1648,北上尾
1649,桶川
1650,北本
1651,鴻巣
1652,北鴻巣
1653,吹上
1654,行田
1655,熊谷
1656,籠原
1657,深谷
1658,岡部
1659,本庄
1660,神保原
1661,新町
1662,本千葉
1663,蘇我
1664,鎌取
1665,誉田
1666,土気
1667,大網
1668,永田
1669,本納
1670,新茂原
1671,茂原
1672,八積
1673,上総一ノ宮
1674,東浪見
1675,太東
1676,長者町
1677,三門
1678,大原
1679,浪花
1680,御宿
1681,勝浦
1682,鵜原
1683,上総興津
1684,行川アイランド
1685,安房小湊
1686,安房天津
1687,安房鴨川
1688,浜野
1689,八幡宿
1690,五井
1691,姉ケ崎
1692,長浦
1693,袖ケ浦
1694,巌根
1695,木更津
1696,君津
1697,青堀
1698,大貫
1699,佐貫町
1700,上総湊
1701,竹岡
1702,浜金谷
1703,保田
1704,安房勝山
1705,岩井
1706,富浦
1707,那古船形
1708,館山
1709,九重
1710,千倉
1711,千歳
1712,南三原
1713,和田浦
1714,江見
1715,太海
1716,八丁堀
1717,越中島
1718,潮見
1719,新木場
1720,葛西臨海公園
1721,舞浜
1722,新浦安
1723,市川塩浜
1724,二俣新町
1725,南船橋
1726,新習志野
1727,海浜幕張
1728,検見川浜
1729,稲毛海岸
1730,千葉みなと
1731,酒々井
1732,成田
1733,空港第２ビル（第２旅客ターミナル）
1734,成田空港（第１旅客ターミナル）
1735,久住
1736,滑河
1737,下総神崎
1738,大戸
1739,佐原
1740,香取
1741,水郷
1742,小見川
1743,笹川
1744,下総橘
1745,下総豊里
1746,椎柴
1747,東我孫子
1748,湖北
1749,新木
1750,布佐
1751,木下
1752,小林
1753,安食
1754,下総松崎
1755,十二橋
1756,潮来
1757,延方
1758,鹿島神宮
1759,鹿島サッカースタジアム（臨）
1760,祇園
1761,上総清川
1762,東清川
1763,横田
1764,東横田
1765,馬来田
1766,下郡
1767,小櫃
1768,俵田
1769,久留里
1770,平山
1771,上総松丘
1772,上総亀山
1773,福俵
1774,東金
1775,求名
1776,与野
1777,北浦和
1778,蕨
1779,西川口
1780,川口
1781,東十条
1782,王子
1783,上中里
1784,大井町
1785,大森
1786,蒲田
1787,新子安
1788,下野花岡
1789,仁井田
1790,鴻野山
1791,大金
1792,小塙
1793,滝
1794,烏山
1795,渋川
1796,金島
1797,祖母島
1798,小野上
1799,小野上温泉
1800,市城
1801,中之条
1802,群馬原町
1803,郷原
1804,矢倉
1805,岩島
1806,川原湯温泉
1807,長野原草津口
1808,群馬大津
1809,羽根尾
1810,袋倉
1811,万座・鹿沢口
1812,大前
1813,北高崎
1814,群馬八幡
1815,安中
1816,磯部
1817,松井田
1818,西松井田
1819,横川
1820,常陸青柳
1821,常陸津田
1822,後台
1823,下菅谷
1824,中菅谷
1825,上菅谷
1826,南酒出
1827,額田
1828,河合
1829,谷河原
1830,常陸太田
1831,常陸鴻巣
1832,瓜連
1833,静
1834,常陸大宮
1835,玉川村
1836,野上原
1837,山方宿
1838,中舟生
1839,下小川
1840,西金
1841,上小川
1842,袋田
1843,常陸大子
1844,下野宮
1845,矢祭山
1846,東館
1847,南石井
1848,磐城石井
1849,磐城塙
1850,近津
1851,中豊
1852,磐城棚倉
1853,磐城浅川
1854,里白石
1855,磐城石川
1856,野木沢
1857,川辺沖
1858,泉郷
1859,川東
1860,小塩江
1861,谷田川
1862,磐城守山
1863,小田林
1864,結城
1865,東結城
1866,川島
1867,玉戸
1868,下館
1869,新治
1870,大和
1871,岩瀬
1872,羽黒
1873,福原
1874,稲田
1875,笠間
1876,宍戸
1877,鶴田
1878,鹿沼
1879,文挟
1880,下野大沢
1881,今市
1882,日光
1883,高崎問屋町
1884,井野
1885,新前橋
1886,前橋
1887,前橋大島
1888,駒形
1889,伊勢崎
1890,国定
1891,岩宿
1892,桐生
1893,小俣
1894,山前
1895,足利
1896,あしかがフラワーパーク
1897,富田
1898,佐野
1899,岩舟
1900,大平下
1901,栃木
1902,思川
1903,群馬総社
1904,八木原
1905,敷島
1906,津久田
1907,岩本
1908,沼田
1909,後閑
1910,上牧
1911,水上
1912,湯檜曽
1913,土合
1914,土樽
1915,越後中里
1916,岩原スキー場前
1917,越後湯沢
1918,石打
1919,大沢
1920,上越国際スキー場前
1921,塩沢
1922,六日町
1923,五日町
1924,浦佐
1925,八色
1926,越後堀之内
1927,北堀之内
1928,越後川口
1929,小千谷
1930,越後滝谷
1931,宮内
1932,長岡
1933,甲斐小泉
1934,甲斐大泉
1935,清里
1936,野辺山
1937,信濃川上
1938,佐久広瀬
1939,佐久海ノ口
1940,海尻
1941,松原湖
1942,小海
1943,馬流
1944,高岩
1945,八千穂
1946,海瀬
1947,羽黒下
1948,青沼
1949,臼田
1950,龍岡城
1951,太田部
1952,中込
1953,滑津
1954,北中込
1955,岩村田
1956,佐久平
1957,中佐都
1958,美里
1959,三岡
1960,乙女
1961,東小諸
1962,小諸
1963,富士
1964,柚木
1965,竪堀
1966,入山瀬
1967,富士根
1968,源道寺
1969,富士宮
1970,西富士宮
1971,沼久保
1972,芝川
1973,稲子
1974,十島
1975,井出
1976,寄畑
1977,内船
1978,甲斐大島
1979,身延
1980,塩之沢
1981,波高島
1982,下部温泉
1983,甲斐常葉
1984,市ノ瀬
1985,久那土
1986,甲斐岩間
1987,落居
1988,鰍沢口
1989,市川大門
1990,市川本町
1991,芦川
1992,甲斐上野
1993,東花輪
1994,小井川
1995,常永
1996,国母
1997,甲斐住吉
1998,南甲府
1999,善光寺
2000,金手
2001,篠ノ井
2002,今井
2003,川中島
2004,安茂里
2005,長野
2006,直江津
2007,黒井
2008,犀潟
2009,土底浜
2010,潟町
2011,上下浜
2012,柿崎
2013,米山
2014,笠島
2015,青海川
2016,鯨波
2017,柏崎
2018,茨目
2019,安田
2020,北条
2021,越後広田
2022,長鳥
2023,塚山
2024,越後岩塚
2025,来迎寺
2026,前川
2027,北長岡
2028,押切
2029,見附
2030,帯織
2031,東光寺
2032,三条
2033,東三条
2034,保内
2035,加茂
2036,羽生田
2037,田上
2038,矢代田
2039,古津
2040,さつき野
2041,荻川
2042,亀田
2043,越後石山
2044,新潟
2045,東新潟
2046,大形
2047,新崎
2048,早通
2049,豊栄
2050,黒山
2051,佐々木
2052,西新発田
2053,北長野
2054,三才
2055,豊野
2056,信濃浅野
2057,立ケ花
2058,上今井
2059,替佐
2060,蓮
2061,飯山
2062,北飯山
2063,信濃平
2064,戸狩野沢温泉
2065,上境
2066,上桑名川
2067,桑名川
2068,西大滝
2069,信濃白鳥
2070,平滝
2071,横倉
2072,森宮野原
2073,足滝
2074,越後田中
2075,津南
2076,越後鹿渡
2077,越後田沢
2078,越後水沢
2079,土市
2080,十日町
2081,魚沼中条
2082,下条
2083,越後岩沢
2084,内ケ巻
2085,東柏崎
2086,西中通
2087,荒浜
2088,刈羽
2089,西山
2090,礼拝
2091,石地
2092,小木ノ城
2093,出雲崎
2094,妙法寺
2095,小島谷
2096,桐原
2097,寺泊
2098,分水
2099,粟生津
2100,南吉田
2101,吉田
2102,北吉田
2103,岩室
2104,巻
2105,越後曽根
2106,越後赤塚
2107,内野西が丘
2108,内野
2109,新潟大学前
2110,寺尾
2111,小針
2112,青山
2113,関屋
2114,白山
2115,松本
2116,北松本
2117,島内
2118,島高松
2119,梓橋
2120,一日市場
2121,中萱
2122,南豊科
2123,豊科
2124,柏矢町
2125,穂高
2126,有明
2127,安曇追分
2128,細野
2129,北細野
2130,信濃松川
2131,安曇沓掛
2132,信濃常盤
2133,南大町
2134,信濃大町
2135,北大町
2136,信濃木崎
2137,稲尾
2138,海ノ口
2139,簗場
2140,ヤナバスキー場前
2141,南神城
2142,神城
2143,飯森
2144,白馬
2145,信濃森上
2146,白馬大池
2147,千国
2148,南小谷
2149,中土
2150,北小谷
2151,平岩
2152,小滝
2153,根知
2154,頸城大野
2155,姫川
2156,糸魚川
2157,弥彦
2158,矢作
2159,西燕
2160,燕
2161,燕三条
2162,北三条
2163,名古屋
2164,金山
2165,鶴舞
2166,千種
2167,大曽根
2168,新守山
2169,勝川
2170,春日井
2171,神領
2172,高蔵寺
2173,定光寺
2174,古虎渓
2175,多治見
2176,土岐市
2177,瑞浪
2178,釜戸
2179,武並
2180,恵那
2181,美乃坂本
2182,中津川
2183,落合川
2184,坂下
2185,田立
2186,南木曽
2187,十二兼
2188,野尻
2189,大桑
2190,須原
2191,倉本
2192,上松
2193,木曽福島
2194,原野
2195,宮ノ越
2196,藪原
2197,奈良井
2198,木曽平沢
2199,贄川
2200,日出塩
2201,洗馬
2202,広丘
2203,村井
2204,平田
2205,南松本
2206,田沢
2207,明科
2208,西条
2209,坂北
2210,聖高原
2211,冠着
2212,姨捨
2213,稲荷山
2214,豊橋
2215,船町
2216,下地
2217,小坂井
2218,牛久保
2219,豊川
2220,三河一宮
2221,長山
2222,江島
2223,東上
2224,野田城
2225,新城
2226,東新町
2227,茶臼山
2228,三河東郷
2229,大海
2230,鳥居
2231,長篠城
2232,本長篠
2233,三河大野
2234,湯谷温泉
2235,三河槙原
2236,柿平
2237,三河川合
2238,池場
2239,東栄
2240,出馬
2241,上市場
2242,浦川
2243,早瀬
2244,下川合
2245,中部天竜
2246,佐久間
2247,相月
2248,城西
2249,向市場
2250,水窪
2251,大嵐
2252,小和田
2253,中井侍
2254,伊那小沢
2255,鶯巣
2256,平岡
2257,為栗
2258,温田
2259,田本
2260,門島
2261,唐笠
2262,金野
2263,千代
2264,天竜峡
2265,川路
2266,時又
2267,駄科
2268,毛賀
2269,伊那八幡
2270,下山村
2271,鼎
2272,切石
2273,飯田
2274,桜町
2275,伊那上郷
2276,元善光寺
2277,下市田
2278,市田
2279,下平
2280,山吹
2281,伊那大島
2282,上片桐
2283,伊那田島
2284,高遠原
2285,七久保
2286,伊那本郷
2287,飯島
2288,田切
2289,伊那福岡
2290,小町屋
2291,駒ケ根
2292,大田切
2293,宮田
2294,赤木
2295,沢渡
2296,下島
2297,伊那市
2298,伊那北
2299,田畑
2300,北殿
2301,木ノ下
2302,伊那松島
2303,沢
2304,羽場
2305,伊那新町
2306,宮木
2307,米原
2308,坂田
2309,田村
2310,長浜
2311,虎姫
2312,河毛
2313,高月
2314,木ノ本
2315,余呉
2316,近江塩津
2317,新疋田
2318,敦賀
2319,南今庄
2320,今庄
2321,湯尾
2322,南条
2323,王子保
2324,武生
2325,鯖江
2326,北鯖江
2327,大土呂
2328,越前花堂
2329,福井
2330,森田
2331,春江
2332,丸岡
2333,芦原温泉
2334,細呂木
2335,牛ノ谷
2336,大聖寺
2337,加賀温泉
2338,動橋
2339,粟津
2340,小松
2341,明峰
2342,能美根上
2343,小舞子
2344,美川
2345,加賀笠間
2346,松任
2347,野々市
2348,西金沢
2349,金沢
2350,岐阜
2351,長森
2352,那加
2353,蘇原
2354,各務ケ原
2355,鵜沼
2356,坂祝
2357,美濃太田
2358,古井
2359,中川辺
2360,下麻生
2361,上麻生
2362,白川口
2363,下油井
2364,飛騨金山
2365,焼石
2366,下呂
2367,禅昌寺
2368,飛騨萩原
2369,上呂
2370,飛騨宮田
2371,飛騨小坂
2372,渚
2373,久々野
2374,飛騨一ノ宮
2375,高山
2376,上枝
2377,飛騨国府
2378,飛騨古川
2379,杉崎
2380,飛騨細江
2381,角川
2382,坂上
2383,打保
2384,杉原
2385,猪谷
2386,楡原
2387,笹津
2388,東八尾
2389,越中八尾
2390,千里
2391,速星
2392,婦中鵜坂
2393,西富山
2394,富山
2395,高岡
2396,新高岡
2397,二塚
2398,林
2399,戸出
2400,油田
2401,砺波
2402,東野尻
2403,高儀
2404,福野
2405,東石黒
2406,福光
2407,越中山田
2408,城端
2409,越中中川
2410,能町
2411,伏木
2412,越中国分
2413,雨晴
2414,島尾
2415,氷見
2416,津幡
2417,中津幡
2418,本津幡
2419,能瀬
2420,宇野気
2421,横山
2422,高松
2423,免田
2424,宝達
2425,敷浪
2426,南羽咋
2427,羽咋
2428,千路
2429,金丸
2430,能登部
2431,良川
2432,能登二宮
2433,徳田
2434,七尾
2435,和倉温泉
2436,敦賀港
2437,六条
2438,足羽
2439,越前東郷
2440,一乗谷
2441,越前高田
2442,市波
2443,小和清水
2444,美山
2445,越前薬師
2446,越前大宮
2447,計石
2448,牛ケ原
2449,北大野
2450,越前大野
2451,越前田野
2452,越前富田
2453,下唯野
2454,柿ケ島
2455,勝原
2456,越前下山
2457,九頭竜湖
2458,東舞鶴
2459,松尾寺
2460,青郷
2461,三松
2462,若狭高浜
2463,若狭和田
2464,若狭本郷
2465,加斗
2466,勢浜
2467,小浜
2468,東小浜
2469,新平野
2470,上中
2471,若狭有田
2472,大鳥羽
2473,十村
2474,藤井
2475,三方
2476,気山
2477,美浜
2478,東美浜
2479,粟野
2480,西敦賀
2481,函南
2482,三島
2483,沼津
2484,片浜
2485,原
2486,東田子の浦
2487,吉原
2488,富士川
2489,新蒲原
2490,蒲原
2491,由比
2492,興津
2493,清水
2494,草薙
2495,東静岡
2496,静岡
2497,安倍川
2498,用宗
2499,焼津
2500,西焼津
2501,藤枝
2502,六合
2503,島田
2504,金谷
2505,菊川
2506,掛川
2507,愛野
2508,袋井
2509,磐田
2510,豊田町
2511,天竜川
2512,浜松
2513,高塚
2514,舞阪
2515,弁天島
2516,新居町
2517,鷲津
2518,新所原
2519,二川
2520,西小坂井
2521,愛知御津
2522,三河大塚
2523,三河三谷
2524,蒲郡
2525,三河塩津
2526,三ケ根
2527,幸田
2528,相見
2529,岡崎
2530,西岡崎
2531,安城
2532,三河安城
2533,東刈谷
2534,野田新町
2535,刈谷
2536,逢妻
2537,大府
2538,共和
2539,南大高
2540,大高
2541,笠寺
2542,熱田
2543,尾頭橋
2544,枇杷島
2545,清洲
2546,稲沢
2547,尾張一宮
2548,木曽川
2549,西岐阜
2550,穂積
2551,大垣
2552,荒尾
2553,美濃赤坂
2554,垂井
2555,関ケ原
2556,柏原
2557,近江長岡
2558,醒ケ井
2559,来宮
2560,伊豆多賀
2561,網代
2562,宇佐美
2563,伊東
2564,下曽我
2565,上大井
2566,相模金子
2567,松田
2568,東山北
2569,山北
2570,谷峨
2571,駿河小山
2572,足柄
2573,御殿場
2574,南御殿場
2575,富士岡
2576,岩波
2577,裾野
2578,長泉なめり
2579,下土狩
2580,大岡
2581,尾張森岡
2582,緒川
2583,石浜
2584,東浦
2585,亀崎
2586,乙川
2587,半田
2588,東成岩
2589,武豊
2590,小泉
2591,根本
2592,姫
2593,下切
2594,可児
2595,美濃川合
2596,八田
2597,春田
2598,蟹江
2599,永和
2600,弥富
2601,長島
2602,桑名
2603,朝日
2604,富田
2605,富田浜
2606,四日市
2607,南四日市
2608,河原田
2609,河曲
2610,加佐登
2611,井田川
2612,亀山
2613,関
2614,加太
2615,柘植
2616,新堂
2617,佐那具
2618,伊賀上野
2619,島ケ原
2620,月ケ瀬口
2621,大河原
2622,笠置
2623,加茂
2624,下庄
2625,一身田
2626,津
2627,阿漕
2628,高茶屋
2629,六軒
2630,松阪
2631,徳和
2632,多気
2633,相可
2634,佐奈
2635,栃原
2636,川添
2637,三瀬谷
2638,滝原
2639,阿曽
2640,伊勢柏崎
2641,大内山
2642,梅ケ谷
2643,紀伊長島
2644,三野瀬
2645,船津
2646,相賀
2647,尾鷲
2648,大曽根浦
2649,九鬼
2650,三木里
2651,賀田
2652,二木島
2653,新鹿
2654,波田須
2655,大泊
2656,熊野市
2657,有井
2658,神志山
2659,紀伊市木
2660,阿田和
2661,紀伊井田
2662,鵜殿
2663,新宮
2664,油日
2665,甲賀
2666,寺庄
2667,甲南
2668,貴生川
2669,三雲
2670,甲西
2671,石部
2672,手原
2673,草津
2674,外城田
2675,田丸
2676,宮川
2677,山田上口
2678,伊勢市
2679,五十鈴ケ丘
2680,二見浦
2681,松下
2682,池の浦シーサイド
2683,鳥羽
2684,上ノ庄
2685,権現前
2686,伊勢八太
2687,一志
2688,井関
2689,伊勢大井
2690,伊勢川口
2691,関ノ宮
2692,家城
2693,伊勢竹原
2694,伊勢鎌倉
2695,伊勢八知
2696,比津
2697,伊勢奥津
2698,彦根
2699,南彦根
2700,河瀬
2701,稲枝
2702,能登川
2703,安土
2704,近江八幡
2705,篠原
2706,野洲
2707,守山
2708,栗東
2709,南草津
2710,瀬田
2711,石山
2712,膳所
2713,大津
2714,山科
2715,京都
2716,西大路
2717,桂川
2718,向日町
2719,長岡京
2720,山崎
2721,島本
2722,高槻
2723,摂津富田
2724,JR総持寺
2725,茨木
2726,千里丘
2727,岸辺
2728,吹田
2729,東淀川
2730,新大阪
2731,大阪
2732,塚本
2733,尼崎
2734,立花
2735,甲子園口
2736,西宮
2737,さくら夙川
2738,芦屋
2739,甲南山手
2740,摂津本山
2741,住吉
2742,六甲道
2743,摩耶
2744,灘
2745,三ノ宮
2746,元町
2747,神戸
2748,大津京
2749,唐崎
2750,比叡山坂本
2751,おごと温泉
2752,堅田
2753,小野
2754,和邇
2755,蓬莱
2756,志賀
2757,比良
2758,近江舞子
2759,北小松
2760,近江高島
2761,安曇川
2762,新旭
2763,近江今津
2764,近江中庄
2765,マキノ
2766,永原
2767,木津
2768,平城山
2769,奈良
2770,郡山
2771,大和小泉
2772,法隆寺
2773,王寺
2774,三郷
2775,河内堅上
2776,高井田
2777,柏原
2778,志紀
2779,八尾
2780,久宝寺
2781,加美
2782,平野
2783,東部市場前
2784,天王寺
2785,新今宮
2786,今宮
2787,ＪＲ難波
2788,兵庫
2789,新長田
2790,鷹取
2791,須磨海浜公園
2792,須磨
2793,塩屋
2794,垂水
2795,舞子
2796,朝霧
2797,明石
2798,西明石
2799,大久保
2800,魚住
2801,土山
2802,東加古川
2803,加古川
2804,宝殿
2805,曽根
2806,ひめじ別所
2807,御着
2808,東姫路
2809,姫路
2810,英賀保
2811,はりま勝原
2812,網干
2813,竜野
2814,相生
2815,有年
2816,上郡
2817,三石
2818,吉永
2819,和気
2820,熊山
2821,万富
2822,瀬戸
2823,上道
2824,東岡山
2825,高島
2826,西川原
2827,岡山
2828,北長瀬
2829,庭瀬
2830,中庄
2831,倉敷
2832,西阿知
2833,新倉敷
2834,金光
2835,鴨方
2836,里庄
2837,笠岡
2838,大門
2839,東福山
2840,福山
2841,備後赤坂
2842,松永
2843,東尾道
2844,尾道
2845,糸崎
2846,三原
2847,本郷
2848,河内
2849,入野
2850,白市
2851,西高屋
2852,西条
2853,寺家
2854,八本松
2855,瀬野
2856,中野東
2857,安芸中野
2858,海田市
2859,向洋
2860,天神川
2861,広島
2862,新白島
2863,横川
2864,西広島
2865,新井口
2866,五日市
2867,廿日市
2868,宮内串戸
2869,阿品
2870,宮島口
2871,前空
2872,大野浦
2873,玖波
2874,大竹
2875,和木
2876,岩国
2877,南岩国
2878,藤生
2879,通津
2880,由宇
2881,神代
2882,大畠
2883,柳井港
2884,柳井
2885,田布施
2886,岩田
2887,島田
2888,光
2889,下松
2890,櫛ケ浜
2891,徳山
2892,新南陽
2893,福川
2894,戸田
2895,富海
2896,防府
2897,大道
2898,四辻
2899,新山口
2900,嘉川
2901,本由良
2902,厚東
2903,宇部
2904,小野田
2905,厚狭
2906,埴生
2907,小月
2908,長府
2909,新下関
2910,幡生
2911,下関
2912,門司
2913,和田岬
2914,梅小路京都西
2915,丹波口
2916,二条
2917,円町
2918,花園
2919,太秦
2920,嵯峨嵐山
2921,保津峡
2922,馬堀
2923,亀岡
2924,並河
2925,千代川
2926,八木
2927,吉富
2928,園部
2929,船岡
2930,日吉
2931,鍼灸大学前
2932,胡麻
2933,下山
2934,和知
2935,安栖里
2936,立木
2937,山家
2938,綾部
2939,高津
2940,石原
2941,福知山
2942,上川口
2943,下夜久野
2944,上夜久野
2945,梁瀬
2946,和田山
2947,養父
2948,八鹿
2949,江原
2950,国府
2951,豊岡
2952,玄武洞
2953,城崎温泉
2954,竹野
2955,きりはまビーチ
2956,佐津
2957,柴山
2958,香住
2959,鎧
2960,餘部
2961,久谷
2962,浜坂
2963,諸寄
2964,居組
2965,東浜
2966,岩美
2967,大岩
2968,福部
2969,鳥取
2970,湖山
2971,鳥取大学前
2972,末恒
2973,宝木
2974,浜村
2975,青谷
2976,泊
2977,松崎
2978,倉吉
2979,下北条
2980,由良
2981,浦安
2982,八橋
2983,赤碕
2984,中山口
2985,下市
2986,御来屋
2987,名和
2988,大山口
2989,淀江
2990,伯耆大山
2991,東山公園
2992,米子
2993,西木津
2994,祝園
2995,下狛
2996,ＪＲ三山木
2997,同志社前
2998,京田辺
2999,大住
3000,松井山手
3001,長尾
3002,藤阪
3003,津田
3004,河内磐船
3005,星田
3006,寝屋川公園
3007,忍ケ丘
3008,四条畷
3009,野崎
3010,住道
3011,鴻池新田
3012,徳庵
3013,放出
3014,鴫野
3015,京橋
3016,東福寺
3017,稲荷
3018,ＪＲ藤森
3019,桃山
3020,六地蔵
3021,木幡
3022,黄檗
3023,宇治
3024,ＪＲ小倉
3025,新田
3026,城陽
3027,長池
3028,山城青谷
3029,山城多賀
3030,玉水
3031,棚倉
3032,上狛
3033,淵垣
3034,梅迫
3035,真倉
3036,西舞鶴
3037,芦原橋
3038,大正
3039,弁天町
3040,西九条
3041,野田
3042,福島
3043,天満
3044,桜ノ宮
3045,大阪城公園
3046,森ノ宮
3047,玉造
3048,鶴橋
3049,桃谷
3050,寺田町
3051,安治川口
3052,ユニバーサルシティ
3053,桜島
3054,大阪城北詰
3055,大阪天満宮
3056,海老江
3057,御幣島
3058,加島
3059,美章園
3060,南田辺
3061,鶴ケ丘
3062,長居
3063,我孫子町
3064,杉本町
3065,浅香
3066,堺市
3067,三国ケ丘
3068,百舌鳥
3069,上野芝
3070,津久野
3071,鳳
3072,富木
3073,北信太
3074,信太山
3075,和泉府中
3076,久米田
3077,下松
3078,東岸和田
3079,東貝塚
3080,和泉橋本
3081,東佐野
3082,熊取
3083,日根野
3084,長滝
3085,新家
3086,和泉砂川
3087,和泉鳥取
3088,山中渓
3089,紀伊
3090,六十谷
3091,紀伊中ノ島
3092,和歌山
3093,東羽衣
3094,りんくうタウン
3095,関西空港
3096,塚口
3097,猪名寺
3098,伊丹
3099,北伊丹
3100,川西池田
3101,中山寺
3102,宝塚
3103,生瀬
3104,西宮名塩
3105,武田尾
3106,道場
3107,三田
3108,新三田
3109,広野
3110,相野
3111,藍本
3112,草野
3113,古市
3114,南矢代
3115,篠山口
3116,丹波大山
3117,下滝
3118,谷川
3119,柏原
3120,石生
3121,黒井
3122,市島
3123,丹波竹田
3124,西相生
3125,坂越
3126,播州赤穂
3127,天和
3128,備前福河
3129,寒河
3130,日生
3131,伊里
3132,備前片上
3133,西片上
3134,伊部
3135,香登
3136,長船
3137,邑久
3138,大富
3139,西大寺
3140,大多羅
3141,日岡
3142,神野
3143,厄神
3144,市場
3145,小野町
3146,粟生
3147,河合西
3148,青野ケ原
3149,社町
3150,滝野
3151,滝
3152,西脇市
3153,新西脇
3154,比延
3155,日本へそ公園
3156,黒田庄
3157,本黒田
3158,船町口
3159,久下村
3160,播磨高岡
3161,余部
3162,太市
3163,本竜野
3164,東觜崎
3165,播磨新宮
3166,千本
3167,西栗栖
3168,三日月
3169,播磨徳久
3170,佐用
3171,上月
3172,美作土居
3173,美作江見
3174,楢原
3175,林野
3176,勝間田
3177,西勝間田
3178,美作大崎
3179,東津山
3180,津山
3181,院庄
3182,美作千代
3183,坪井
3184,美作追分
3185,美作落合
3186,古見
3187,久世
3188,中国勝山
3189,月田
3190,富原
3191,刑部
3192,丹治部
3193,岩山
3194,新見
3195,京口
3196,野里
3197,砥堀
3198,仁豊野
3199,香呂
3200,溝口
3201,福崎
3202,甘地
3203,鶴居
3204,新野
3205,寺前
3206,長谷
3207,生野
3208,新井
3209,青倉
3210,竹田
3211,畠田
3212,志都美
3213,香芝
3214,ＪＲ五位堂
3215,高田
3216,大和新庄
3217,御所
3218,玉手
3219,掖上
3220,吉野口
3221,北宇智
3222,五条
3223,大和二見
3224,隅田
3225,下兵庫
3226,橋本
3227,紀伊山田
3228,高野口
3229,中飯降
3230,妙寺
3231,大谷
3232,笠田
3233,西笠田
3234,名手
3235,粉河
3236,紀伊長田
3237,打田
3238,下井阪
3239,岩出
3240,船戸
3241,紀伊小倉
3242,布施屋
3243,千旦
3244,田井ノ瀬
3245,京終
3246,帯解
3247,櫟本
3248,天理
3249,長柄
3250,柳本
3251,巻向
3252,三輪
3253,桜井
3254,香久山
3255,畝傍
3256,金橋
3257,三輪崎
3258,紀伊佐野
3259,宇久井
3260,那智
3261,紀伊天満
3262,紀伊勝浦
3263,湯川
3264,太地
3265,下里
3266,紀伊浦神
3267,紀伊田原
3268,古座
3269,紀伊姫
3270,串本
3271,紀伊有田
3272,田並
3273,田子
3274,和深
3275,江住
3276,見老津
3277,周参見
3278,紀伊日置
3279,椿
3280,紀伊富田
3281,白浜
3282,朝来
3283,紀伊新庄
3284,紀伊田辺
3285,芳養
3286,南部
3287,岩代
3288,切目
3289,印南
3290,稲原
3291,和佐
3292,道成寺
3293,御坊
3294,紀伊内原
3295,紀伊由良
3296,広川ビーチ
3297,湯浅
3298,藤並
3299,紀伊宮原
3300,箕島
3301,初島
3302,下津
3303,加茂郷
3304,冷水浦
3305,海南
3306,黒江
3307,紀三井寺
3308,宮前
3309,紀和
3310,和歌山市
3311,南吹田
3312,JR淡路
3313,城北公園通
3314,JR野江
3315,高井田中央
3316,ＪＲ河内永和
3317,ＪＲ俊徳道
3318,ＪＲ長瀬
3319,衣摺加美北
3320,安来
3321,荒島
3322,揖屋
3323,東松江
3324,松江
3325,乃木
3326,玉造温泉
3327,来待
3328,宍道
3329,荘原
3330,直江
3331,出雲市
3332,西出雲
3333,出雲神西
3334,江南
3335,小田
3336,田儀
3337,波根
3338,久手
3339,大田市
3340,静間
3341,五十猛
3342,仁万
3343,馬路
3344,湯里
3345,温泉津
3346,石見福光
3347,黒松
3348,浅利
3349,江津
3350,都野津
3351,敬川
3352,波子
3353,久代
3354,下府
3355,浜田
3356,西浜田
3357,周布
3358,折居
3359,三保三隅
3360,岡見
3361,鎌手
3362,石見津田
3363,益田
3364,戸田小浜
3365,飯浦
3366,江崎
3367,須佐
3368,宇田郷
3369,木与
3370,奈古
3371,長門大井
3372,越ケ浜
3373,東萩
3374,萩
3375,玉江
3376,三見
3377,飯井
3378,長門三隅
3379,長門市
3380,黄波戸
3381,長門古市
3382,人丸
3383,伊上
3384,長門粟野
3385,阿川
3386,特牛
3387,滝部
3388,長門二見
3389,宇賀本郷
3390,湯玉
3391,小串
3392,川棚温泉
3393,黒井村
3394,梅ケ峠
3395,吉見
3396,福江
3397,安岡
3398,梶栗郷台地
3399,綾羅木
3400,清音
3401,総社
3402,豪渓
3403,日羽
3404,美袋
3405,備中広瀬
3406,備中高梁
3407,木野山
3408,備中川面
3409,方谷
3410,井倉
3411,石蟹
3412,備中神代
3413,足立
3414,新郷
3415,上石見
3416,生山
3417,上菅
3418,黒坂
3419,根雨
3420,武庫
3421,江尾
3422,伯耆溝口
3423,岸本
3424,津ノ井
3425,東郡家
3426,郡家
3427,河原
3428,国英
3429,鷹狩
3430,用瀬
3431,因幡社
3432,智頭
3433,土師
3434,那岐
3435,美作河井
3436,知和
3437,美作加茂
3438,三浦
3439,美作滝尾
3440,高野
3441,博労町
3442,富士見町
3443,後藤
3444,三本松口
3445,河崎口
3446,弓ケ浜
3447,和田浜
3448,大篠津町
3449,米子空港
3450,中浜
3451,高松町
3452,余子
3453,上道
3454,馬場崎町
3455,境港
3456,南宍道
3457,加茂中
3458,幡屋
3459,出雲大東
3460,南大東
3461,木次
3462,日登
3463,下久野
3464,出雲八代
3465,出雲三成
3466,亀嵩
3467,出雲横田
3468,八川
3469,出雲坂根
3470,三井野原
3471,油木
3472,備後落合
3473,江津本町
3474,千金
3475,川平
3476,川戸
3477,田津
3478,石見川越
3479,鹿賀
3480,因原
3481,石見川本
3482,木路原
3483,竹
3484,乙原
3485,石見簗瀬
3486,明塚
3487,粕淵
3488,浜原
3489,沢谷
3490,潮
3491,石見松原
3492,石見都賀
3493,宇都井
3494,伊賀和志
3495,口羽
3496,江平
3497,作木口
3498,香淀
3499,式敷
3500,信木
3501,所木
3502,船佐
3503,長谷
3504,粟屋
3505,尾関山
3506,三次
3507,周防下郷
3508,上郷
3509,仁保津
3510,大歳
3511,矢原
3512,湯田温泉
3513,山口
3514,上山口
3515,宮野
3516,仁保
3517,篠目
3518,長門峡
3519,渡川
3520,三谷
3521,名草
3522,地福
3523,鍋倉
3524,徳佐
3525,船平山
3526,津和野
3527,青野山
3528,日原
3529,青原
3530,東青原
3531,石見横田
3532,本俣賀
3533,大元
3534,備前西市
3535,妹尾
3536,備中箕島
3537,早島
3538,久々原
3539,茶屋町
3540,彦崎
3541,備前片岡
3542,迫川
3543,常山
3544,八浜
3545,備前田井
3546,宇野
3547,植松
3548,木見
3549,上の町
3550,児島
3551,宇多津
3552,備前三門
3553,大安寺
3554,備前一宮
3555,吉備津
3556,備中高松
3557,足守
3558,服部
3559,東総社
3560,布原
3561,坂根
3562,市岡
3563,矢神
3564,野馳
3565,東城
3566,備後八幡
3567,内名
3568,小奴可
3569,道後山
3570,比婆山
3571,備後西城
3572,平子
3573,高
3574,備後庄原
3575,備後三日市
3576,七塚
3577,山ノ内
3578,下和知
3579,塩町
3580,神杉
3581,八次
3582,西三次
3583,志和地
3584,上川立
3585,甲立
3586,吉田口
3587,向原
3588,井原市
3589,志和口
3590,上三田
3591,中三田
3592,白木山
3593,狩留家
3594,上深川
3595,中深川
3596,下深川
3597,玖村
3598,安芸矢口
3599,戸坂
3600,矢賀
3601,津山口
3602,佐良山
3603,亀甲
3604,小原
3605,誕生寺
3606,弓削
3607,神目
3608,福渡
3609,建部
3610,金川
3611,野々口
3612,牧山
3613,玉柏
3614,備前原
3615,法界院
3616,須波
3617,安芸幸崎
3618,忠海
3619,安芸長浜
3620,大乗
3621,竹原
3622,吉名
3623,安芸津
3624,風早
3625,安浦
3626,安登
3627,安芸川尻
3628,仁方
3629,広
3630,新広
3631,安芸阿賀
3632,呉
3633,川原石
3634,吉浦
3635,かるが浜
3636,天応
3637,呉ポートピア
3638,小屋浦
3639,水尻
3640,坂
3641,矢野
3642,三滝
3643,安芸長束
3644,下祇園
3645,古市橋
3646,大町
3647,緑井
3648,七軒茶屋
3649,梅林
3650,上八木
3651,中島
3652,可部
3653,河戸帆待川
3654,あき亀山
3655,備後本庄
3656,横尾
3657,神辺
3658,湯田村
3659,道上
3660,万能倉
3661,駅家
3662,近田
3663,戸手
3664,上戸手
3665,新市
3666,高木
3667,鵜飼
3668,府中
3669,下川辺
3670,中畑
3671,河佐
3672,備後三川
3673,備後矢野
3674,上下
3675,甲奴
3676,梶田
3677,備後安田
3678,吉舎
3679,三良坂
3680,上嘉川
3681,深溝
3682,周防佐山
3683,岩倉
3684,阿知須
3685,岐波
3686,丸尾
3687,床波
3688,常盤
3689,草江
3690,宇部岬
3691,東新川
3692,琴芝
3693,宇部新川
3694,居能
3695,岩鼻
3696,湯ノ峠
3697,厚保
3698,四郎ケ原
3699,南大嶺
3700,美祢
3701,重安
3702,於福
3703,渋木
3704,長門湯本
3705,板持
3706,仙崎
3707,妻崎
3708,長門長沢
3709,雀田
3710,小野田港
3711,南小野田
3712,南中川
3713,目出
3714,浜河内
3715,長門本山
3716,西岩国
3717,川西
3718,柱野
3719,欽明路
3720,玖珂
3721,周防高森
3722,米川
3723,高水
3724,勝間
3725,大河内
3726,周防久保
3727,生野屋
3728,周防花岡
3729,多度津
3730,金蔵寺
3731,善通寺
3732,琴平
3733,塩入
3734,黒川
3735,讃岐財田
3736,坪尻
3737,箸蔵
3738,佃
3739,阿波池田
3740,三縄
3741,祖谷口
3742,阿波川口
3743,小歩危
3744,大歩危
3745,土佐岩原
3746,豊永
3747,大田口
3748,土佐穴内
3749,大杉
3750,土佐北川
3751,角茂谷
3752,繁藤
3753,新改
3754,土佐山田
3755,山田西町
3756,土佐長岡
3757,後免
3758,土佐大津
3759,布師田
3760,土佐一宮
3761,薊野
3762,高知
3763,入明
3764,円行寺口
3765,旭
3766,高知商業前
3767,朝倉
3768,枝川
3769,伊野
3770,波川
3771,小村神社前
3772,日下
3773,岡花
3774,土佐加茂
3775,西佐川
3776,佐川
3777,襟野々
3778,斗賀野
3779,吾桑
3780,多ノ郷
3781,大間
3782,須崎
3783,土佐新荘
3784,安和
3785,土佐久礼
3786,影野
3787,六反地
3788,仁井田
3789,窪川
3790,高松
3791,昭和町
3792,栗林公園北口
3793,栗林
3794,木太町
3795,屋島
3796,古高松南
3797,八栗口
3798,讃岐牟礼
3799,志度
3800,オレンジタウン
3801,造田
3802,神前
3803,讃岐津田
3804,鶴羽
3805,丹生
3806,三本松
3807,讃岐白鳥
3808,引田
3809,讃岐相生
3810,阿波大宮
3811,板野
3812,阿波川端
3813,板東
3814,池谷
3815,勝瑞
3816,吉成
3817,佐古
3818,徳島
3819,蔵本
3820,鮎喰
3821,府中
3822,石井
3823,下浦
3824,牛島
3825,麻植塚
3826,鴨島
3827,西麻植
3828,阿波川島
3829,学
3830,山瀬
3831,阿波山川
3832,川田
3833,穴吹
3834,小島
3835,貞光
3836,阿波半田
3837,江口
3838,三加茂
3839,阿波加茂
3840,辻
3841,阿波富田
3842,二軒屋
3843,文化の森
3844,地蔵橋
3845,中田
3846,南小松島
3847,阿波赤石
3848,立江
3849,羽ノ浦
3850,西原
3851,阿波中島
3852,阿南
3853,見能林
3854,阿波橘
3855,桑野
3856,新野
3857,阿波福井
3858,由岐
3859,田井ノ浜
3860,木岐
3861,北河内
3862,日和佐
3863,山河内
3864,辺川
3865,牟岐
3866,鯖瀬
3867,浅川
3868,阿波海南
3869,海部
3870,鳴門
3871,撫養
3872,金比羅前
3873,教会前
3874,立道
3875,阿波大谷
3876,香西
3877,鬼無
3878,端岡
3879,国分
3880,讃岐府中
3881,鴨川
3882,八十場
3883,坂出
3884,丸亀
3885,讃岐塩屋
3886,海岸寺
3887,津島ノ宮
3888,詫間
3889,みの
3890,高瀬
3891,比地大
3892,本山
3893,観音寺
3894,豊浜
3895,箕浦
3896,川之江
3897,伊予三島
3898,伊予寒川
3899,赤星
3900,伊予土居
3901,関川
3902,多喜浜
3903,新居浜
3904,中萩
3905,伊予西条
3906,石鎚山
3907,伊予氷見
3908,伊予小松
3909,玉之江
3910,壬生川
3911,伊予三芳
3912,伊予桜井
3913,伊予富田
3914,今治
3915,波止浜
3916,波方
3917,大西
3918,伊予亀岡
3919,菊間
3920,浅海
3921,大浦
3922,伊予北条
3923,柳原
3924,粟井
3925,光洋台
3926,堀江
3927,伊予和気
3928,三津浜
3929,松山
3930,市坪
3931,北伊予
3932,伊予横田
3933,鳥ノ木
3934,伊予市
3935,向井原
3936,伊予大平
3937,伊予中山
3938,伊予立川
3939,内子
3940,五十崎
3941,喜多山
3942,新谷
3943,高野川
3944,伊予上灘
3945,下灘
3946,串
3947,喜多灘
3948,伊予長浜
3949,伊予出石
3950,伊予白滝
3951,八多喜
3952,春賀
3953,五郎
3954,伊予大洲
3955,西大洲
3956,伊予平野
3957,千丈
3958,八幡浜
3959,双岩
3960,伊予石城
3961,上宇和
3962,卯之町
3963,下宇和
3964,立間
3965,伊予吉田
3966,高光
3967,北宇和島
3968,宇和島
3969,若井
3970,家地川
3971,打井川
3972,土佐大正
3973,土佐昭和
3974,十川
3975,半家
3976,江川崎
3977,西ケ方
3978,真土
3979,吉野生
3980,松丸
3981,出目
3982,近永
3983,深田
3984,大内
3985,二名
3986,伊予宮野下
3987,務田
3988,博多
3989,博多南
3990,門司港
3991,小森江
3992,小倉
3993,西小倉
3994,九州工大前
3995,戸畑
3996,枝光
3997,スペースワールド
3998,八幡
3999,黒崎
4000,陣原
4001,折尾
4002,水巻
4003,遠賀川
4004,海老津
4005,教育大前
4006,赤間
4007,東郷
4008,東福間
4009,福間
4010,千鳥
4011,古賀
4012,ししぶ
4013,新宮中央
4014,福工大前
4015,九産大前
4016,香椎
4017,千早
4018,箱崎
4019,吉塚
4020,竹下
4021,笹原
4022,南福岡
4023,春日
4024,大野城
4025,水城
4026,都府楼南
4027,二日市
4028,天拝山
4029,原田
4030,けやき台
4031,基山
4032,弥生が丘
4033,田代
4034,鳥栖
4035,肥前旭
4036,久留米
4037,荒木
4038,西牟田
4039,羽犬塚
4040,筑後船小屋
4041,瀬高
4042,南瀬高
4043,渡瀬
4044,吉野
4045,銀水
4046,大牟田
4047,荒尾
4048,南荒尾
4049,長洲
4050,大野下
4051,玉名
4052,肥後伊倉
4053,木葉
4054,田原坂
4055,植木
4056,西里
4057,崇城大学前
4058,上熊本
4059,熊本
4060,西熊本
4061,川尻
4062,富合
4063,宇土
4064,松橋
4065,小川
4066,有佐
4067,千丁
4068,新八代
4069,八代
4070,川内
4071,隈之城
4072,木場茶屋
4073,串木野
4074,神村学園前
4075,市来
4076,湯之元
4077,東市来
4078,伊集院
4079,薩摩松元
4080,上伊集院
4081,広木
4082,鹿児島中央
4083,鹿児島
4084,新鳥栖
4085,肥前麓
4086,中原
4087,吉野ケ里公園
4088,神埼
4089,伊賀屋
4090,佐賀
4091,鍋島
4092,バルーンさが
4093,久保田
4094,牛津
4095,肥前山口
4096,肥前白石
4097,肥前竜王
4098,肥前鹿島
4099,肥前浜
4100,肥前七浦
4101,肥前飯田
4102,多良
4103,肥前大浦
4104,小長井
4105,長里
4106,湯江
4107,小江
4108,肥前長田
4109,東諫早
4110,諫早
4111,西諫早
4112,喜々津
4113,市布
4114,肥前古賀
4115,現川
4116,東園
4117,大草
4118,本川内
4119,長与
4120,高田
4121,道ノ尾
4122,西浦上
4123,浦上
4124,長崎
4125,南小倉
4126,城野
4127,安部山公園
4128,下曽根
4129,朽網
4130,苅田
4131,小波瀬西工大前
4132,行橋
4133,南行橋
4134,新田原
4135,築城
4136,椎田
4137,豊前松江
4138,宇島
4139,三毛門
4140,吉富
4141,中津
4142,東中津
4143,今津
4144,天津
4145,豊前善光寺
4146,柳ケ浦
4147,豊前長洲
4148,宇佐
4149,西屋敷
4150,立石
4151,中山香
4152,杵築
4153,大神
4154,日出
4155,暘谷
4156,豊後豊岡
4157,亀川
4158,別府大学
4159,別府
4160,東別府
4161,西大分
4162,大分
4163,牧
4164,高城
4165,鶴崎
4166,大在
4167,坂ノ市
4168,幸崎
4169,佐志生
4170,下ノ江
4171,熊崎
4172,上臼杵
4173,臼杵
4174,津久見
4175,日代
4176,浅海井
4177,狩生
4178,海崎
4179,佐伯
4180,上岡
4181,直見
4182,直川
4183,重岡
4184,宗太郎
4185,市棚
4186,北川
4187,日向長井
4188,北延岡
4189,延岡
4190,南延岡
4191,旭ケ丘
4192,土々呂
4193,門川
4194,日向市
4195,財光寺
4196,南日向
4197,美々津
4198,東都農
4199,都農
4200,川南
4201,高鍋
4202,日向新富
4203,佐土原
4204,日向住吉
4205,蓮ケ池
4206,宮崎神宮
4207,宮崎
4208,南宮崎
4209,加納
4210,清武
4211,日向沓掛
4212,田野
4213,青井岳
4214,山之口
4215,餅原
4216,三股
4217,都城
4218,西都城
4219,五十市
4220,財部
4221,北俣
4222,大隅大川原
4223,北永野田
4224,霧島神宮
4225,国分
4226,隼人
4227,加治木
4228,錦江
4229,帖佐
4230,姶良
4231,重富
4232,竜ケ水
4233,桂川
4234,筑前大分
4235,九郎原
4236,城戸南蔵院前
4237,筑前山手
4238,篠栗
4239,門松
4240,長者原
4241,原町
4242,柚須
4243,姪浜
4244,下山門
4245,今宿
4246,九大学研都市
4247,周船寺
4248,波多江
4249,糸島高校前
4250,筑前前原
4251,美咲が丘
4252,加布里
4253,一貴山
4254,筑前深江
4255,大入
4256,福吉
4257,鹿家
4258,浜崎
4259,虹ノ松原
4260,東唐津
4261,和多田
4262,唐津
4263,西唐津
4264,若松
4265,藤ノ木
4266,奥洞海
4267,二島
4268,本城
4269,東水巻
4270,中間
4271,筑前垣生
4272,鞍手
4273,筑前植木
4274,新入
4275,直方
4276,勝野
4277,小竹
4278,鯰田
4279,浦田
4280,新飯塚
4281,飯塚
4282,天道
4283,上穂波
4284,筑前内野
4285,筑前山家
4286,久留米高校前
4287,南久留米
4288,久留米大学前
4289,御井
4290,善導寺
4291,筑後草野
4292,田主丸
4293,筑後吉井
4294,うきは
4295,筑後大石
4296,夜明
4297,光岡
4298,日田
4299,豊後三芳
4300,豊後中川
4301,天ケ瀬
4302,杉河内
4303,北山田
4304,豊後森
4305,恵良
4306,引治
4307,豊後中村
4308,野矢
4309,由布院
4310,南由布
4311,湯平
4312,庄内
4313,天神山
4314,小野屋
4315,鬼瀬
4316,向之原
4317,豊後国分
4318,賀来
4319,南大分
4320,古国府
4321,石田
4322,志井公園
4323,志井
4324,石原町
4325,呼野
4326,採銅所
4327,香春
4328,一本松
4329,田川伊田
4330,田川後藤寺
4331,池尻
4332,豊前川崎
4333,西添田
4334,添田
4335,歓遊舎ひこさん
4336,豊前桝田
4337,彦山
4338,筑前岩屋
4339,大行司
4340,宝珠山
4341,大鶴
4342,今山
4343,上三緒
4344,下鴨生
4345,筑前庄内
4346,船尾
4347,西戸崎
4348,海ノ中道
4349,雁ノ巣
4350,奈多
4351,和白
4352,香椎神宮
4353,舞松原
4354,土井
4355,伊賀
4356,酒殿
4357,須恵
4358,須恵中央
4359,新原
4360,宇美
4361,大町
4362,北方
4363,高橋
4364,武雄温泉
4365,永尾
4366,三間坂
4367,上有田
4368,有田
4369,三河内
4370,早岐
4371,大塔
4372,日宇
4373,佐世保
4374,鬼塚
4375,山本
4376,肥前久保
4377,西相知
4378,佐里
4379,駒鳴
4380,大川野
4381,肥前長野
4382,桃川
4383,金石原
4384,上伊万里
4385,伊万里
4386,小城
4387,東多久
4388,中多久
4389,多久
4390,厳木
4391,岩屋
4392,相知
4393,本牟田部
4394,ハウステンボス
4395,南風崎
4396,小串郷
4397,川棚
4398,彼杵
4399,千綿
4400,松原
4401,竹松
4402,諏訪
4403,大村
4404,岩松
4405,平成
4406,南熊本
4407,新水前寺
4408,水前寺
4409,東海学園前
4410,竜田口
4411,武蔵塚
4412,光の森
4413,三里木
4414,原水
4415,肥後大津
4416,瀬田
4417,立野
4418,赤水
4419,市ノ川
4420,内牧
4421,阿蘇
4422,いこいの村
4423,宮地
4424,波野
4425,滝水
4426,豊後荻
4427,玉来
4428,豊後竹田
4429,朝地
4430,緒方
4431,豊後清川
4432,三重町
4433,菅尾
4434,犬飼
4435,竹中
4436,中判田
4437,大分大学前
4438,敷戸
4439,滝尾
4440,緑川
4441,住吉
4442,肥後長浜
4443,網田
4444,赤瀬
4445,石打ダム
4446,波多浦
4447,三角
4448,段
4449,坂本
4450,葉木
4451,鎌瀬
4452,瀬戸石
4453,海路
4454,吉尾
4455,白石
4456,球泉洞
4457,一勝地
4458,那良口
4459,渡
4460,西人吉
4461,人吉
4462,大畑
4463,矢岳
4464,真幸
4465,吉松
4466,栗野
4467,大隅横川
4468,植村
4469,霧島温泉
4470,嘉例川
4471,中福良
4472,表木山
4473,日当山
4474,田吉
4475,宮崎空港
4476,南方
4477,木花
4478,運動公園
4479,曽山寺
4480,子供の国
4481,青島
4482,折生迫
4483,内海
4484,小内海
4485,伊比井
4486,北郷
4487,内之田
4488,飫肥
4489,日南
4490,油津
4491,大堂津
4492,南郷
4493,谷之口
4494,榎原
4495,日向大束
4496,日向北方
4497,串間
4498,福島今町
4499,福島高松
4500,大隅夏井
4501,志布志
4502,日向庄内
4503,谷頭
4504,万ケ塚
4505,東高崎
4506,高崎新田
4507,日向前田
4508,高原
4509,広原
4510,小林
4511,西小林
4512,えびの飯野
4513,えびの上江
4514,えびの
4515,京町温泉
4516,鶴丸
4517,郡元
4518,南鹿児島
4519,宇宿
4520,谷山
4521,慈眼寺
4522,坂之上
4523,五位野
4524,平川
4525,瀬々串
4526,中名
4527,喜入
4528,前之浜
4529,生見
4530,薩摩今和泉
4531,宮ケ浜
4532,二月田
4533,指宿
4534,山川
4535,大山
4536,西大山
4537,薩摩川尻
4538,東開聞
4539,開聞
4540,入野
4541,頴娃
4542,西頴娃
4543,御領
4544,石垣
4545,水成川
4546,頴娃大川
4547,松ケ浦
4548,薩摩塩屋
4549,白沢
4550,薩摩板敷
4551,枕崎
4552,北池袋
4553,下板橋
4554,大山
4555,中板橋
4556,ときわ台
4557,上板橋
4558,東武練馬
4559,下赤塚
4560,成増
4561,和光市
4562,朝霞
4563,志木
4564,柳瀬川
4565,みずほ台
4566,鶴瀬
4567,ふじみ野
4568,上福岡
4569,新河岸
4570,川越市
4571,霞ヶ関
4572,鶴ヶ島
4573,若葉
4574,坂戸
4575,北坂戸
4576,高坂
4577,東松山
4578,森林公園
4579,つきのわ
4580,武蔵嵐山
4581,東武竹沢
4582,男衾
4583,鉢形
4584,玉淀
4585,浅草
4586,とうきょうスカイツリー
4587,押上〈スカイツリー前〉
4588,曳舟
4589,東向島
4590,鐘ヶ淵
4591,堀切
4592,牛田
4593,小菅
4594,五反野
4595,梅島
4596,西新井
4597,竹ノ塚
4598,谷塚
4599,草加
4600,獨協大学前駅〈草加松原〉
4601,新田
4602,蒲生
4603,越谷
4604,北越谷
4605,大袋
4606,せんげん台
4607,武里
4608,一ノ割
4609,春日部
4610,北春日部
4611,姫宮
4612,東武動物公園
4613,和戸
4614,鷲宮
4615,花崎
4616,加須
4617,南羽生
4618,羽生
4619,川俣
4620,茂林寺前
4621,館林
4622,多々良
4623,県
4624,福居
4625,東武和泉
4626,足利市
4627,野州山辺
4628,韮川
4629,太田
4630,細谷
4631,木崎
4632,世良田
4633,境町
4634,剛志
4635,新伊勢崎
4636,杉戸高野台
4637,幸手
4638,南栗橋
4639,新古河
4640,柳生
4641,板倉東洋大前
4642,藤岡
4643,静和
4644,新大平下
4645,新栃木
4646,合戦場
4647,家中
4648,東武金崎
4649,楡木
4650,樅山
4651,新鹿沼
4652,北鹿沼
4653,板荷
4654,下小代
4655,明神
4656,下今市
4657,上今市
4658,北大宮
4659,大宮公園
4660,大和田
4661,七里
4662,岩槻
4663,東岩槻
4664,豊春
4665,八木崎
4666,藤の牛島
4667,南桜井
4668,川間
4669,七光台
4670,清水公園
4671,愛宕
4672,野田市
4673,梅郷
4674,運河
4675,江戸川台
4676,初石
4677,流山おおたかの森
4678,豊四季
4679,新柏
4680,増尾
4681,逆井
4682,高柳
4683,六実
4684,新鎌ヶ谷
4685,鎌ヶ谷
4686,馬込沢
4687,塚田
4688,新船橋
4689,小村井
4690,東あずま
4691,亀戸水神
4692,大師前
4693,一本松
4694,西大家
4695,川角
4696,武州長瀬
4697,東毛呂
4698,武州唐沢
4699,野州平川
4700,野州大塚
4701,壬生
4702,国谷
4703,おもちゃのまち
4704,安塚
4705,西川田
4706,江曽島
4707,南宇都宮
4708,東武宇都宮
4709,大谷向
4710,大桑
4711,新高徳
4712,小佐越
4713,東武ワールドスクウェア
4714,鬼怒川温泉
4715,鬼怒川公園
4716,新藤原
4717,渡瀬
4718,田島
4719,佐野市
4720,堀米
4721,吉水
4722,田沼
4723,多田
4724,葛生
4725,三枚橋
4726,治良門橋
4727,藪塚
4728,阿左美
4729,新桐生
4730,相老
4731,赤城
4732,成島
4733,本中野
4734,篠塚
4735,東小泉
4736,小泉町
4737,西小泉
4738,竜舞
4739,椎名町
4740,東長崎
4741,江古田
4742,桜台
4743,練馬
4744,中村橋
4745,富士見台
4746,練馬高野台
4747,石神井公園
4748,大泉学園
4749,保谷
4750,ひばりヶ丘
4751,東久留米
4752,清瀬
4753,秋津
4754,所沢
4755,西所沢
4756,小手指
4757,狭山ヶ丘
4758,武蔵藤沢
4759,稲荷山公園
4760,入間市
4761,仏子
4762,元加治
4763,飯能
4764,高麗
4765,武蔵横手
4766,東吾野
4767,吾野
4768,西吾野
4769,正丸
4770,芦ヶ久保
4771,横瀬
4772,西武秩父
4773,小竹向原
4774,新桜台
4775,豊島園
4776,下山口
4777,西武球場前
4778,西武遊園地
4779,遊園地西
4780,西武新宿
4781,下落合
4782,中井
4783,新井薬師前
4784,沼袋
4785,野方
4786,都立家政
4787,鷺ノ宮
4788,下井草
4789,井荻
4790,上井草
4791,上石神井
4792,武蔵関
4793,東伏見
4794,西武柳沢
4795,田無
4796,花小金井
4797,小平
4798,久米川
4799,東村山
4800,航空公園
4801,新所沢
4802,入曽
4803,狭山市
4804,新狭山
4805,南大塚
4806,本川越
4807,萩山
4808,小川
4809,東大和市
4810,玉川上水
4811,武蔵砂川
4812,西武立川
4813,西武園
4814,恋ヶ窪
4815,鷹の台
4816,一橋学園
4817,青梅街道
4818,八坂
4819,武蔵大和
4820,新小金井
4821,多磨
4822,白糸台
4823,競艇場前
4824,是政
4825,京成上野
4826,新三河島
4827,町屋
4828,千住大橋
4829,堀切菖蒲園
4830,お花茶屋
4831,青砥
4832,京成高砂
4833,京成小岩
4834,江戸川
4835,国府台
4836,市川真間
4837,菅野
4838,鬼越
4839,京成中山
4840,東中山
4841,京成西船
4842,海神
4843,大神宮下
4844,船橋競馬場
4845,谷津
4846,京成津田沼
4847,京成大久保
4848,実籾
4849,八千代台
4850,京成大和田
4851,勝田台
4852,志津
4853,ユーカリが丘
4854,京成臼井
4855,京成佐倉
4856,大佐倉
4857,京成酒々井
4858,宗吾参道
4859,公津の杜
4860,東成田
4861,京成曳舟
4862,八広
4863,四ツ木
4864,京成立石
4865,柴又
4866,検見川
4867,京成稲毛
4868,みどり台
4869,西登戸
4870,新千葉
4871,千葉中央
4872,千葉寺
4873,大森台
4874,学園前
4875,おゆみ野
4876,ちはら台
4877,千葉ニュータウン中央
4878,印旛日本医大
4879,成田湯川
4880,笹塚
4881,代田橋
4882,明大前
4883,下高井戸
4884,桜上水
4885,上北沢
4886,八幡山
4887,芦花公園
4888,千歳烏山
4889,仙川
4890,つつじヶ丘
4891,柴崎
4892,国領
4893,布田
4894,調布
4895,西調布
4896,飛田給
4897,武蔵野台
4898,多磨霊園
4899,東府中
4900,府中
4901,中河原
4902,聖蹟桜ヶ丘
4903,百草園
4904,高幡不動
4905,南平
4906,平山城址公園
4907,長沼
4908,北野
4909,京王八王子
4910,京王多摩川
4911,京王稲田堤
4912,京王よみうりランド
4913,稲城
4914,若葉台
4915,京王永山
4916,京王多摩センター
4917,京王堀之内
4918,南大沢
4919,多摩境
4920,京王片倉
4921,山田
4922,めじろ台
4923,狭間
4924,高尾山口
4925,府中競馬正門前
4926,多摩動物公園
4927,神泉
4928,駒場東大前
4929,池ノ上
4930,下北沢
4931,新代田
4932,東松原
4933,永福町
4934,西永福
4935,浜田山
4936,高井戸
4937,富士見ヶ丘
4938,久我山
4939,三鷹台
4940,井の頭公園
4941,初台
4942,幡ヶ谷
4943,南新宿
4944,参宮橋
4945,代々木八幡
4946,代々木上原
4947,東北沢
4948,世田谷代田
4949,梅ヶ丘
4950,豪徳寺
4951,経堂
4952,千歳船橋
4953,祖師ヶ谷大蔵
4954,成城学園前
4955,喜多見
4956,狛江
4957,和泉多摩川
4958,向ヶ丘遊園
4959,生田
4960,読売ランド前
4961,百合ヶ丘
4962,新百合ヶ丘
4963,柿生
4964,鶴川
4965,玉川学園前
4966,相模大野
4967,小田急相模原
4968,相武台前
4969,座間
4970,本厚木
4971,愛甲石田
4972,伊勢原
4973,鶴巻温泉
4974,東海大学前
4975,秦野
4976,渋沢
4977,新松田
4978,開成
4979,栢山
4980,富水
4981,螢田
4982,足柄
4983,東林間
4984,中央林間
4985,南林間
4986,鶴間
4987,大和
4988,桜ヶ丘
4989,高座渋谷
4990,長後
4991,湘南台
4992,六会日大前
4993,善行
4994,藤沢本町
4995,本鵠沼
4996,鵠沼海岸
4997,片瀬江ノ島
4998,五月台
4999,栗平
5000,黒川
5001,はるひ野
5002,唐木田
5003,代官山
5004,中目黒
5005,祐天寺
5006,学芸大学
5007,都立大学
5008,自由が丘
5009,田園調布
5010,多摩川
5011,新丸子
5012,元住吉
5013,日吉
5014,綱島
5015,大倉山
5016,妙蓮寺
5017,白楽
5018,東白楽
5019,反町
5020,不動前
5021,武蔵小山
5022,西小山
5023,洗足
5024,大岡山
5025,奥沢
5026,池尻大橋
5027,三軒茶屋
5028,駒沢大学
5029,桜新町
5030,用賀
5031,二子玉川
5032,二子新地
5033,高津
5034,梶が谷
5035,宮崎台
5036,宮前平
5037,鷺沼
5038,たまプラーザ
5039,あざみ野
5040,江田
5041,市が尾
5042,藤が丘
5043,青葉台
5044,田奈
5045,つくし野
5046,すずかけ台
5047,南町田
5048,つきみ野
5049,下神明
5050,戸越公園
5051,中延
5052,荏原町
5053,旗の台
5054,北千束
5055,緑が丘
5056,九品仏
5057,尾山台
5058,等々力
5059,上野毛
5060,大崎広小路
5061,戸越銀座
5062,荏原中延
5063,長原
5064,洗足池
5065,石川台
5066,雪が谷大塚
5067,御嶽山
5068,久が原
5069,千鳥町
5070,池上
5071,蓮沼
5072,沼部
5073,鵜の木
5074,下丸子
5075,武蔵新田
5076,矢口渡
5077,西太子堂
5078,若林
5079,松陰神社前
5080,世田谷
5081,上町
5082,宮の坂
5083,松原
5084,恩田
5085,こどもの国
5086,泉岳寺
5087,北品川
5088,新馬場
5089,青物横丁
5090,鮫洲
5091,立会川
5092,大森海岸
5093,平和島
5094,大森町
5095,梅屋敷
5096,京急蒲田
5097,雑色
5098,六郷土手
5099,京急川崎
5100,鶴見市場
5101,花月園前
5102,生麦
5103,子安
5104,神奈川新町
5105,神奈川
5106,戸部
5107,日ノ出町
5108,黄金町
5109,南太田
5110,井土ヶ谷
5111,弘明寺
5112,上大岡
5113,屏風浦
5114,杉田
5115,京急富岡
5116,能見台
5117,金沢文庫
5118,金沢八景
5119,追浜
5120,京急田浦
5121,安針塚
5122,逸見
5123,汐入
5124,横須賀中央
5125,県立大学
5126,堀ノ内
5127,京急大津
5128,馬堀海岸
5129,浦賀
5130,糀谷
5131,大鳥居
5132,穴守稲荷
5133,天空橋
5134,羽田空港国際線ターミナル
5135,羽田空港国内線ターミナル
5136,港町
5137,鈴木町
5138,川崎大師
5139,東門前
5140,産業道路
5141,小島新田
5142,六浦
5143,神武寺
5144,新逗子
5145,新大津
5146,北久里浜
5147,ＹＲＰ野比
5148,京急長沢
5149,津久井浜
5150,三浦海岸
5151,三崎口
5152,田原町
5153,稲荷町
5154,末広町
5155,日本橋
5156,京橋
5157,銀座
5158,虎ノ門
5159,溜池山王
5160,赤坂見附
5161,青山一丁目
5162,外苑前
5163,表参道
5164,新大塚
5165,茗荷谷
5166,後楽園
5167,本郷三丁目
5168,淡路町
5169,大手町
5170,霞ケ関
5171,国会議事堂前
5172,四谷三丁目
5173,新宿御苑前
5174,新宿三丁目
5175,西新宿
5176,中野坂上
5177,新中野
5178,東高円寺
5179,新高円寺
5180,南阿佐ケ谷
5181,中野新橋
5182,中野富士見町
5183,方南町
5184,三ノ輪
5185,入谷
5186,小伝馬町
5187,人形町
5188,茅場町
5189,築地
5190,東銀座
5191,日比谷
5192,神谷町
5193,六本木
5194,広尾
5195,落合
5196,早稲田
5197,神楽坂
5198,九段下
5199,竹橋
5200,門前仲町
5201,木場
5202,東陽町
5203,南砂町
5204,西葛西
5205,葛西
5206,浦安
5207,南行徳
5208,行徳
5209,妙典
5210,原木中山
5211,北綾瀬
5212,千駄木
5213,根津
5214,湯島
5215,二重橋前
5216,赤坂
5217,乃木坂
5218,平和台
5219,氷川台
5220,千川
5221,要町
5222,東池袋
5223,護国寺
5224,江戸川橋
5225,麹町
5226,桜田門
5227,銀座一丁目
5228,新富町
5229,月島
5230,豊洲
5231,辰巳
5232,半蔵門
5233,神保町
5234,水天宮前
5235,清澄白河
5236,住吉
5237,赤羽岩淵
5238,志茂
5239,王子神谷
5240,西ケ原
5241,本駒込
5242,東大前
5243,六本木一丁目
5244,麻布十番
5245,白金高輪
5246,白金台
5247,雑司が谷
5248,西早稲田
5249,東新宿
5250,北参道
5251,平沼橋
5252,西横浜
5253,天王町
5254,星川
5255,和田町
5256,上星川
5257,西谷
5258,鶴ヶ峰
5259,二俣川
5260,希望ヶ丘
5261,三ツ境
5262,瀬谷
5263,相模大塚
5264,さがみ野
5265,かしわ台
5266,南万騎が原
5267,緑園都市
5268,弥生台
5269,いずみ野
5270,いずみ中央
5271,ゆめが丘
5272,伊奈
5273,小田渕
5274,国府
5275,御油
5276,名電赤坂
5277,名電長沢
5278,本宿
5279,名電山中
5280,藤川
5281,美合
5282,男川
5283,東岡崎
5284,岡崎公園前
5285,矢作橋
5286,宇頭
5287,新安城
5288,牛田
5289,知立
5290,一ツ木
5291,富士松
5292,豊明
5293,前後
5294,中京競馬場前
5295,有松
5296,左京山
5297,鳴海
5298,本星崎
5299,本笠寺
5300,桜
5301,呼続
5302,堀田
5303,神宮前
5304,山王
5305,栄生
5306,東枇杷島
5307,西枇杷島
5308,二ツ杁
5309,新川橋
5310,須ヶ口
5311,丸ノ内
5312,新清洲
5313,大里
5314,奥田
5315,国府宮
5316,島氏永
5317,妙興寺
5318,今伊勢
5319,石刀
5320,新木曽川
5321,黒田
5322,木曽川堤
5323,笠松
5324,岐南
5325,茶所
5326,加納
5327,名鉄岐阜
5328,八幡
5329,諏訪町
5330,稲荷口
5331,北安城
5332,南安城
5333,碧海古井
5334,堀内公園
5335,桜井
5336,南桜井
5337,米津
5338,桜町前
5339,西尾口
5340,西尾
5341,福地
5342,鎌谷
5343,上横須賀
5344,三河荻原
5345,吉良吉田
5346,三河鳥羽
5347,西幡豆
5348,東幡豆
5349,こどもの国
5350,西浦
5351,形原
5352,三河鹿島
5353,碧南
5354,碧南中央
5355,新川町
5356,北新川
5357,高浜港
5358,三河高浜
5359,吉浜
5360,小垣江
5361,刈谷市
5362,重原
5363,三河知立
5364,三河八橋
5365,若林
5366,竹村
5367,土橋
5368,上挙母
5369,豊田市
5370,梅坪
5371,越戸
5372,平戸橋
5373,猿投
5374,上豊田
5375,浄水
5376,三好ヶ丘
5377,黒笹
5378,米野木
5379,日進
5380,赤池
5381,常滑
5382,りんくう常滑
5383,中部国際空港
5384,豊田本町
5385,道徳
5386,大江
5387,大同町
5388,柴田
5389,名和
5390,聚楽園
5391,新日鉄前
5392,太田川
5393,尾張横須賀
5394,寺本
5395,朝倉
5396,古見
5397,長浦
5398,日長
5399,新舞子
5400,大野町
5401,西ノ口
5402,蒲池
5403,榎戸
5404,多屋
5405,高横須賀
5406,南加木屋
5407,八幡新田
5408,巽ヶ丘
5409,白沢
5410,坂部
5411,阿久比
5412,椋岡
5413,植大
5414,半田口
5415,住吉町
5416,知多半田
5417,成岩
5418,青山
5419,上ゲ
5420,知多武豊
5421,富貴
5422,布土
5423,河和口
5424,河和
5425,上野間
5426,美浜緑苑
5427,知多奥田
5428,野間
5429,内海
5430,東名古屋港
5431,栄町
5432,東大手
5433,清水
5434,尼ヶ坂
5435,森下
5436,矢田
5437,守山自衛隊前
5438,瓢箪山
5439,小幡
5440,喜多山
5441,大森・金城学院前
5442,印場
5443,旭前
5444,尾張旭
5445,三郷
5446,水野
5447,新瀬戸
5448,瀬戸市役所前
5449,尾張瀬戸
5450,甚目寺
5451,七宝
5452,木田
5453,青塚
5454,勝幡
5455,藤浪
5456,津島
5457,弥富口
5458,五ノ三
5459,佐屋
5460,日比野
5461,町方
5462,六輪
5463,渕高
5464,丸渕
5465,上丸渕
5466,森上
5467,山崎
5468,玉野
5469,萩原
5470,二子
5471,苅安賀
5472,観音寺
5473,西一宮
5474,開明
5475,奥町
5476,玉ノ井
5477,下小田井
5478,中小田井
5479,上小田井
5480,西春
5481,徳重・名古屋芸大
5482,大山寺
5483,岩倉
5484,石仏
5485,布袋
5486,江南
5487,柏森
5488,扶桑
5489,木津用水
5490,犬山口
5491,犬山
5492,犬山遊園
5493,鵜沼宿
5494,羽場
5495,苧ヶ瀬
5496,二十軒
5497,三柿野
5498,六軒
5499,各務原市役所前
5500,市民公園前
5501,新加納
5502,高田橋
5503,手力
5504,切通
5505,細畑
5506,田神
5507,富岡前
5508,善師野
5509,西可児
5510,可児川
5511,日本ライン今渡
5512,明智
5513,顔戸
5514,御嵩口
5515,御嵩
5516,上飯田
5517,味鋺
5518,味美
5519,春日井
5520,牛山
5521,間内
5522,小牧口
5523,小牧
5524,小牧原
5525,味岡
5526,田県神社前
5527,楽田
5528,羽黒
5529,成田山
5530,動物園
5531,西笠松
5532,柳津
5533,南宿
5534,須賀
5535,不破一色
5536,竹鼻
5537,羽島市役所前
5538,江吉良
5539,新羽島
5540,大阪難波
5541,近鉄日本橋
5542,大阪上本町
5543,今里
5544,布施
5545,大和西大寺
5546,尼ヶ辻
5547,西ノ京
5548,九条
5549,近鉄郡山
5550,筒井
5551,平端
5552,ファミリー公園前
5553,結崎
5554,石見
5555,田原本
5556,笠縫
5557,新ノ口
5558,大和八木
5559,八木西口
5560,畝傍御陵前
5561,橿原神宮前
5562,河堀口
5563,北田辺
5564,今川
5565,針中野
5566,矢田
5567,河内天美
5568,布忍
5569,高見ノ里
5570,河内松原
5571,恵我ノ荘
5572,高鷲
5573,藤井寺
5574,土師ノ里
5575,道明寺
5576,古市
5577,駒ヶ谷
5578,上ノ太子
5579,二上山
5580,二上神社口
5581,当麻寺
5582,磐城
5583,尺土
5584,高田市
5585,浮孔
5586,坊城
5587,橿原神宮西口
5588,播磨
5589,下深谷
5590,下野代
5591,多度
5592,美濃松山
5593,石津
5594,美濃山崎
5595,駒野
5596,美濃津屋
5597,養老
5598,美濃高田
5599,烏江
5600,大外羽
5601,友江
5602,美濃青柳
5603,西大垣
5604,室
5605,北大垣
5606,東赤坂
5607,広神戸
5608,北神戸
5609,池野
5610,北池野
5611,美濃本郷
5612,揖斐
5613,長瀬
5614,弥刀
5615,久宝寺口
5616,近鉄八尾
5617,河内山本
5618,高安
5619,恩智
5620,法善寺
5621,堅下
5622,安堂
5623,河内国分
5624,大阪教育大前
5625,関屋
5626,二上
5627,近鉄下田
5628,五位堂
5629,築山
5630,大和高田
5631,松塚
5632,真菅
5633,耳成
5634,大福
5635,大和朝倉
5636,長谷寺
5637,榛原
5638,室生口大野
5639,三本松
5640,赤目口
5641,名張
5642,桔梗が丘
5643,美旗
5644,伊賀神戸
5645,青山町
5646,伊賀上津
5647,西青山
5648,東青山
5649,榊原温泉口
5650,大三
5651,伊勢石橋
5652,伊勢中川
5653,新居
5654,西大手
5655,上野市
5656,広小路
5657,茅町
5658,桑町
5659,猪田道
5660,市部
5661,依那古
5662,丸山
5663,上林
5664,比土
5665,岡寺
5666,飛鳥
5667,壺阪山
5668,市尾
5669,葛
5670,薬水
5671,福神
5672,大阿太
5673,下市口
5674,越部
5675,六田
5676,大和上市
5677,吉野神宮
5678,吉野
5679,近鉄四日市
5680,中川原
5681,伊勢松本
5682,伊勢川島
5683,高角
5684,桜
5685,菰野
5686,中菰野
5687,大羽根園
5688,湯の山温泉
5689,伊勢中原
5690,松ヶ崎
5691,東松阪
5692,櫛田
5693,漕代
5694,斎宮
5695,明星
5696,明野
5697,小俣
5698,宮町
5699,宇治山田
5700,五十鈴川
5701,朝熊
5702,池の浦
5703,二階堂
5704,前栽
5705,柏原南口
5706,赤堀
5707,日永
5708,南日永
5709,泊
5710,追分
5711,小古曽
5712,内部
5713,西日野
5714,中之郷
5715,志摩赤崎
5716,船津
5717,加茂
5718,松尾
5719,白木
5720,五知
5721,沓掛
5722,上之郷
5723,志摩磯部
5724,穴川
5725,志摩横山
5726,鵜方
5727,志摩神明
5728,賢島
5729,生駒
5730,菜畑
5731,一分
5732,南生駒
5733,萩の台
5734,東山
5735,元山上口
5736,平群
5737,竜田川
5738,勢野北口
5739,信貴山下
5740,黒田
5741,但馬
5742,箸尾
5743,池部
5744,佐味田川
5745,大輪田
5746,近鉄新庄
5747,忍海
5748,伊勢若松
5749,柳
5750,鈴鹿市
5751,三日市
5752,平田町
5753,河内小阪
5754,八戸ノ里
5755,若江岩田
5756,河内花園
5757,東花園
5758,瓢箪山
5759,枚岡
5760,額田
5761,石切
5762,東生駒
5763,富雄
5764,学園前
5765,菖蒲池
5766,新大宮
5767,近鉄奈良
5768,服部川
5769,信貴山口
5770,喜志
5771,富田林
5772,富田林西口
5773,川西
5774,滝谷不動
5775,汐ノ宮
5776,河内長野
5777,長田
5778,荒本
5779,吉田
5780,新石切
5781,白庭台
5782,学研北生駒
5783,学研奈良登美ヶ丘
5784,高安山
5785,東寺
5786,十条
5787,上鳥羽口
5788,竹田
5789,伏見
5790,近鉄丹波橋
5791,桃山御陵前
5792,向島
5793,小倉
5794,伊勢田
5795,大久保
5796,久津川
5797,寺田
5798,富野荘
5799,新田辺
5800,興戸
5801,近鉄宮津
5802,木津川台
5803,山田川
5804,高の原
5805,平城
5806,宝山寺
5807,梅屋敷
5808,霞ヶ丘
5809,生駒山上
5810,米野
5811,黄金
5812,烏森
5813,伏屋
5814,戸田
5815,近鉄蟹江
5816,富吉
5817,佐古木
5818,益生
5819,伊勢朝日
5820,川越富洲原
5821,近鉄富田
5822,霞ヶ浦
5823,阿倉川
5824,川原町
5825,新正
5826,海山道
5827,塩浜
5828,北楠
5829,楠
5830,長太ノ浦
5831,箕田
5832,千代崎
5833,白子
5834,鼓ヶ浦
5835,磯山
5836,千里
5837,豊津上野
5838,白塚
5839,高田本山
5840,江戸橋
5841,津新町
5842,南が丘
5843,久居
5844,桃園
5845,難波
5846,天下茶屋
5847,岸里玉出
5848,粉浜
5849,住吉大社
5850,住ノ江
5851,七道
5852,堺
5853,湊
5854,石津川
5855,諏訪ノ森
5856,浜寺公園
5857,高石
5858,北助松
5859,松ノ浜
5860,泉大津
5861,忠岡
5862,春木
5863,和泉大宮
5864,岸和田
5865,蛸地蔵
5866,貝塚
5867,二色浜
5868,鶴原
5869,井原里
5870,泉佐野
5871,羽倉崎
5872,吉見ノ里
5873,岡田浦
5874,樽井
5875,尾崎
5876,鳥取ノ荘
5877,箱作
5878,淡輪
5879,みさき公園
5880,孝子
5881,和歌山大学前
5882,紀ノ川
5883,和歌山港
5884,伽羅橋
5885,高師浜
5886,東松江
5887,中松江
5888,八幡前
5889,西ノ庄
5890,二里ヶ浜
5891,磯ノ浦
5892,加太
5893,深日町
5894,深日港
5895,多奈川
5896,今宮戎
5897,萩ノ茶屋
5898,帝塚山
5899,住吉東
5900,沢ノ町
5901,我孫子前
5902,浅香山
5903,堺東
5904,百舌鳥八幡
5905,中百舌鳥
5906,白鷺
5907,初芝
5908,萩原天神
5909,北野田
5910,狭山
5911,大阪狭山市
5912,金剛
5913,滝谷
5914,千代田
5915,三日市町
5916,美加の台
5917,千早口
5918,天見
5919,紀見峠
5920,林間田園都市
5921,御幸辻
5922,紀伊清水
5923,学文路
5924,九度山
5925,高野下
5926,下古沢
5927,上古沢
5928,紀伊細川
5929,紀伊神谷
5930,極楽橋
5931,高野山
5932,汐見橋
5933,芦原町
5934,木津川
5935,津守
5936,西天下茶屋
5937,出町柳
5938,神宮丸太町
5939,三条
5940,祇園四条
5941,清水五条
5942,七条
5943,鳥羽街道
5944,伏見稲荷
5945,深草
5946,藤森
5947,墨染
5948,中書島
5949,淀
5950,八幡市
5951,橋本
5952,樟葉
5953,牧野
5954,御殿山
5955,枚方市
5956,枚方公園
5957,光善寺
5958,香里園
5959,寝屋川市
5960,萱島
5961,大和田
5962,古川橋
5963,門真市
5964,西三荘
5965,守口市
5966,土居
5967,滝井
5968,千林
5969,森小路
5970,関目
5971,天満橋
5972,北浜
5973,淀屋橋
5974,観月橋
5975,桃山南口
5976,六地蔵
5977,木幡
5978,三室戸
5979,宇治
5980,宮之阪
5981,星ヶ丘
5982,村野
5983,郡津
5984,交野市
5985,河内森
5986,私市
5987,男山山上
5988,石山寺
5989,唐橋前
5990,粟津
5991,瓦ヶ浜
5992,中ノ庄
5993,膳所本町
5994,錦
5995,石場
5996,島ノ関
5997,びわ湖浜大津
5998,三井寺
5999,大津市役所前
6000,近江神宮前
6001,南滋賀
6002,滋賀里
6003,穴太
6004,松ノ馬場
6005,坂本比叡山口
6006,御陵
6007,四宮
6008,追分
6009,大谷
6010,上栄町
6011,渡辺橋
6012,中之島
6013,中津
6014,十三
6015,神崎川
6016,園田
6017,塚口
6018,武庫之荘
6019,西宮北口
6020,夙川
6021,芦屋川
6022,岡本
6023,御影
6024,六甲
6025,王子公園
6026,春日野道
6027,三国
6028,庄内
6029,服部天神
6030,曽根
6031,岡町
6032,豊中
6033,蛍池
6034,石橋
6035,池田
6036,川西能勢口
6037,雲雀丘花屋敷
6038,山本
6039,中山観音
6040,売布神社
6041,清荒神
6042,烏丸
6043,大宮
6044,西院
6045,西京極
6046,桂
6047,洛西口
6048,東向日
6049,西向日
6050,長岡天神
6051,西山天王山
6052,水無瀬
6053,上牧
6054,高槻市
6055,富田
6056,総持寺
6057,茨木市
6058,南茨木
6059,摂津市
6060,正雀
6061,相川
6062,上新庄
6063,崇禅寺
6064,南方
6065,今津
6066,阪神国道
6067,門戸厄神
6068,甲東園
6069,仁川
6070,小林
6071,逆瀬川
6072,宝塚南口
6073,苦楽園口
6074,甲陽園
6075,稲野
6076,新伊丹
6077,伊丹
6078,桜井
6079,牧落
6080,箕面
6081,北千里
6082,山田
6083,南千里
6084,千里山
6085,関大前
6086,豊津
6087,吹田
6088,下新庄
6089,柴島
6090,天神橋筋六丁目
6091,上桂
6092,松尾大社
6093,嵐山
6094,淀川
6095,姫島
6096,千船
6097,杭瀬
6098,大物
6099,尼崎
6100,出屋敷
6101,尼崎センタープール前
6102,武庫川
6103,鳴尾
6104,甲子園
6105,久寿川
6106,西宮
6107,香櫨園
6108,打出
6109,芦屋
6110,深江
6111,青木
6112,魚崎
6113,住吉
6114,御影
6115,石屋川
6116,新在家
6117,大石
6118,西灘
6119,岩屋
6120,春日野道
6121,ドーム前
6122,九条
6123,千鳥橋
6124,伝法
6125,福
6126,出来島
6127,東鳴尾
6128,洲先
6129,武庫川団地前
6130,西鉄福岡（天神）
6131,薬院
6132,西鉄平尾
6133,高宮
6134,大橋
6135,井尻
6136,雑餉隈
6137,春日原
6138,白木原
6139,下大利
6140,都府楼前
6141,西鉄二日市
6142,紫
6143,朝倉街道
6144,桜台
6145,筑紫
6146,津古
6147,三国が丘
6148,三沢
6149,大保
6150,西鉄小郡
6151,端間
6152,味坂
6153,宮の陣
6154,櫛原
6155,西鉄久留米
6156,花畑
6157,試験場前
6158,津福
6159,安武
6160,大善寺
6161,三潴
6162,犬塚
6163,大溝
6164,八丁牟田
6165,蒲池
6166,矢加部
6167,西鉄柳川
6168,徳益
6169,塩塚
6170,西鉄中島
6171,江の浦
6172,開
6173,西鉄渡瀬
6174,倉永
6175,東甘木
6176,西鉄銀水
6177,新栄町
6178,西鉄五条
6179,太宰府
6180,五郎丸
6181,学校前
6182,古賀茶屋
6183,北野
6184,大城
6185,金島
6186,大堰
6187,本郷
6188,上浦
6189,馬田
6190,甘木
6191,貝塚
6192,名島
6193,香椎宮前
6194,西鉄香椎
6195,香椎花園前
6196,唐の原
6197,三苫
6198,西鉄新宮
6199,古賀ゴルフ場前
6200,西鉄古賀
6201,花見
6202,西鉄福間
6203,宮地岳
6204,津屋崎
6205,宮の沢
6206,発寒南
6207,琴似
6208,二十四軒
6209,西２８丁目
6210,円山公園
6211,西１８丁目
6212,西１１丁目
6213,大通
6214,バスセンター前
6215,菊水
6216,東札幌
6217,白石
6218,南郷７丁目
6219,南郷１３丁目
6220,南郷１８丁目
6221,大谷地
6222,ひばりが丘
6223,麻生
6224,北３４条
6225,北２４条
6226,北１８条
6227,北１２条
6228,すすきの
6229,中島公園
6230,幌平橋
6231,中の島
6232,平岸
6233,南平岸
6234,澄川
6235,自衛隊前
6236,真駒内
6237,栄町
6238,新道東
6239,元町
6240,環状通東
6241,東区役所前
6242,北１３条東
6243,豊水すすきの
6244,学園前
6245,豊平公園
6246,美園
6247,月寒中央
6248,福住
6249,西４丁目
6250,西８丁目
6251,西１５丁目
6252,西線６条
6253,西線９条旭山公園通
6254,西線１１条
6255,西線１４条
6256,西線１６条
6257,ロープウェイ入口
6258,電車事業所前
6259,中央図書館前
6260,石山通
6261,東屯田通
6262,幌南小学校前
6263,山鼻１９条
6264,静修学園前
6265,行啓通
6266,中島公園通
6267,山鼻９条
6268,東本願寺前
6269,資生館小学校前
6270,狸小路
6271,湯の川
6272,湯の川温泉
6273,函館アリーナ前
6274,駒場車庫前
6275,競馬場前
6276,深堀町
6277,柏木町
6278,杉並町
6279,五稜郭公園前
6280,中央病院前
6281,千代台
6282,堀川町
6283,昭和橋
6284,千歳町
6285,新川町
6286,松風町
6287,市役所前
6288,魚市場通
6289,十字街
6290,宝来町
6291,青柳町
6292,谷地頭
6293,末広町
6294,大町
6295,函館どつく前
6296,様舞
6297,高島
6298,大森
6299,勇足
6300,南本別
6301,岡女堂
6302,本別
6303,仙美里
6304,足寄
6305,愛冠
6306,西一線
6307,塩幌
6308,上利別
6309,笹森
6310,大誉地
6311,薫別
6312,陸別
6313,分線
6314,川上
6315,小利別
6316,置戸
6317,豊住
6318,境野
6319,西訓子府
6320,西富
6321,訓子府
6322,穂波
6323,日ノ出
6324,広郷
6325,上常呂
6326,北光社
6327,十川
6328,五農校前
6329,津軽飯詰
6330,毘沙門
6331,嘉瀬
6332,金木
6333,芦野公園
6334,川倉
6335,大沢内
6336,深郷田
6337,津軽中里
6338,弘前東高前
6339,運動公園前
6340,新里
6341,館田
6342,平賀
6343,柏農高校前
6344,津軽尾上
6345,尾上高校前
6346,田んぼアート
6347,田舎館
6348,境松
6349,黒石
6350,宿川原
6351,鯖石
6352,石川プール前
6353,石川
6354,義塾高校前
6355,津軽大沢
6356,松木平
6357,小栗山
6358,千年
6359,聖愛中高前
6360,弘前学院大前
6361,弘高下
6362,中央弘前
6363,三沢
6364,大曲
6365,柳沢
6366,七百
6367,古里
6368,三農校前
6369,高清水
6370,北里大学前
6371,工業高校前
6372,ひがし野団地
6373,十和田市
6374,青山
6375,厨川
6376,巣子
6377,滝沢
6378,渋民
6379,岩手川口
6380,いわて沼宮内
6381,御堂
6382,奥中山高原
6383,小繋
6384,小鳥谷
6385,一戸
6386,二戸
6387,斗米
6388,金田一温泉
6389,目時
6390,三戸
6391,諏訪ノ平
6392,剣吉
6393,苫米地
6394,北高岩
6395,陸奥市川
6396,下田
6397,向山
6398,小川原
6399,上北町
6400,乙供
6401,千曳
6402,狩場沢
6403,清水川
6404,小湊
6405,西平内
6406,浅虫温泉
6407,野内
6408,矢田前
6409,小柳
6410,東青森
6411,筒井
6412,陸前赤崎
6413,綾里
6414,恋し浜
6415,甫嶺
6416,三陸
6417,吉浜
6418,唐丹
6419,平田
6420,両石
6421,鵜住居
6422,大槌
6423,吉里吉里
6424,浪板海岸
6425,岩手船越
6426,織笠
6427,陸中山田
6428,豊間根
6429,払川
6430,津軽石
6431,八木沢・宮古短大
6432,磯鶏
6433,山口団地
6434,一の渡
6435,佐羽根
6436,田老
6437,摂待
6438,岩泉小本
6439,島越
6440,田野畑
6441,普代
6442,白井海岸
6443,堀内
6444,野田玉川
6445,十府ヶ浦海岸
6446,陸中野田
6447,陸中宇部
6448,西鷹巣
6449,小ヶ田
6450,大野台
6451,合川
6452,上杉
6453,米内沢
6454,桂瀬
6455,阿仁前田
6456,前田南
6457,小渕
6458,阿仁合
6459,荒瀬
6460,萱草
6461,笑内
6462,岩野目
6463,比立内
6464,奥阿仁
6465,阿仁マタギ
6466,戸沢
6467,上桧木内
6468,左通
6469,羽後中里
6470,松葉
6471,羽後長戸呂
6472,八津
6473,西明寺
6474,羽後太田
6475,薬師堂
6476,子吉
6477,鮎川
6478,黒沢
6479,曲沢
6480,前郷
6481,久保田
6482,西滝沢
6483,吉沢
6484,川辺
6485,矢島
6486,南陽市役所
6487,宮内
6488,おりはた
6489,梨郷
6490,西大塚
6491,時庭
6492,南長井
6493,長井
6494,あやめ公園
6495,羽前成田
6496,白兎
6497,蚕桑
6498,鮎貝
6499,四季の郷
6500,荒砥
6501,荒町
6502,若柳
6503,谷地畑
6504,大岡小前
6505,大岡
6506,沢辺
6507,津久毛
6508,杉橋
6509,鳥矢崎
6510,栗駒
6511,栗原田町
6512,尾松
6513,鶯沢
6514,鶯沢工業高校前
6515,細倉マインパーク前
6516,卸町
6517,福島学院前
6518,瀬上
6519,向瀬上
6520,高子
6521,上保原
6522,保原
6523,大泉
6524,二井田
6525,新田
6526,梁川
6527,やながわ希望の森公園前
6528,富野
6529,兜
6530,あぶくま
6531,丸森
6532,北丸森
6533,南角田
6534,角田
6535,横倉
6536,岡
6537,東船岡
6538,泉中央
6539,八乙女
6540,黒松
6541,旭ヶ丘
6542,台原
6543,北四番丁
6544,勾当台公園
6545,広瀬通
6546,五橋
6547,愛宕橋
6548,河原町
6549,長町一丁目
6550,長町南
6551,富沢
6552,曽根田
6553,美術館図書館前
6554,岩代清水
6555,泉
6556,上松川
6557,笹谷
6558,桜水
6559,平野
6560,医王寺前
6561,花水坂
6562,飯坂温泉
6563,南若松
6564,門田
6565,あまや
6566,芦ノ牧温泉
6567,大川ダム公園
6568,芦ノ牧温泉南
6569,湯野上温泉
6570,塔のへつり
6571,弥五島
6572,会津下郷
6573,ふるさと公園
6574,養鱒公園
6575,会津長野
6576,田島高校前
6577,会津田島
6578,中荒井
6579,会津荒海
6580,会津山村道場
6581,七ヶ岳登山口
6582,会津高原尾瀬口
6583,杜せきのした
6584,美田園
6585,仙台空港
6586,八木山動物公園
6587,青葉山
6588,川内
6589,国際センター
6590,大町西公園
6591,青葉通一番町
6592,宮城野通
6593,連坊
6594,薬師堂
6595,卸町
6596,六丁の目
6597,荒井
6598,都庁前
6599,新宿西口
6600,若松河田
6601,牛込柳町
6602,牛込神楽坂
6603,春日
6604,新御徒町
6605,蔵前
6606,森下
6607,勝どき
6608,築地市場
6609,汐留
6610,大門
6611,赤羽橋
6612,国立競技場
6613,西新宿五丁目
6614,落合南長崎
6615,新江古田
6616,練馬春日町
6617,光が丘
6618,西馬込
6619,馬込
6620,高輪台
6621,三田
6622,本所吾妻橋
6623,芝公園
6624,御成門
6625,内幸町
6626,白山
6627,千石
6628,西巣鴨
6629,新板橋
6630,板橋区役所前
6631,板橋本町
6632,本蓮沼
6633,志村坂上
6634,志村三丁目
6635,蓮根
6636,西台
6637,高島平
6638,新高島平
6639,西高島平
6640,曙橋
6641,岩本町
6642,浜町
6643,菊川
6644,西大島
6645,大島
6646,東大島
6647,船堀
6648,一之江
6649,瑞江
6650,篠崎
6651,三ノ輪橋
6652,荒川一中前
6653,荒川区役所前
6654,荒川二丁目
6655,荒川七丁目
6656,町屋二丁目
6657,東尾久三丁目
6658,熊野前
6659,宮ノ前
6660,小台
6661,荒川遊園地前
6662,荒川車庫前
6663,梶原
6664,栄町
6665,飛鳥山
6666,滝野川一丁目
6667,西ヶ原四丁目
6668,新庚申塚
6669,庚申塚
6670,巣鴨新田
6671,向原
6672,都電雑司ヶ谷
6673,学習院下
6674,面影橋
6675,早稲田
6676,西羽生
6677,新郷
6678,武州荒木
6679,東行田
6680,行田市
6681,持田
6682,ソシオ流通センター
6683,上熊谷
6684,石原
6685,ひろせ野鳥の森
6686,大麻生
6687,明戸
6688,武川
6689,永田
6690,ふかや花園
6691,小前田
6692,桜沢
6693,波久礼
6694,樋口
6695,野上
6696,長瀞
6697,上長瀞
6698,親鼻
6699,皆野
6700,和銅黒谷
6701,大野原
6702,秩父
6703,御花畑
6704,影森
6705,浦山口
6706,武州中川
6707,武州日野
6708,白久
6709,三峰口
6710,川口元郷
6711,南鳩ヶ谷
6712,鳩ヶ谷
6713,新井宿
6714,戸塚安行
6715,浦和美園
6716,西大原
6717,上総東
6718,新田野
6719,国吉
6720,上総中川
6721,城見ヶ丘
6722,大多喜
6723,小谷松
6724,東総元
6725,久我原
6726,総元
6727,西畑
6728,上総中野
6729,浅草
6730,青井
6731,六町
6732,八潮
6733,三郷中央
6734,流山セントラルパーク
6735,柏の葉キャンパス
6736,柏たなか
6737,守谷
6738,みらい平
6739,みどりの
6740,万博記念公園
6741,研究学園
6742,つくば
6743,新高島
6744,みなとみらい
6745,馬車道
6746,日本大通り
6747,元町・中華街
6748,竹芝
6749,日の出
6750,芝浦ふ頭
6751,お台場海浜公園
6752,台場
6753,東京国際クルーズターミナル
6754,テレコムセンター
6755,青海
6756,東京ビッグサイト
6757,有明
6758,有明テニスの森
6759,市場前
6760,新豊洲
6761,下新田
6762,運動公園
6763,大間々
6764,上神梅
6765,本宿
6766,水沼
6767,花輪
6768,中野
6769,小中
6770,神戸
6771,沢入
6772,原向
6773,通洞
6774,足尾
6775,間藤
6776,地区センター
6777,公園
6778,女子大
6779,中学校
6780,井野
6781,緑町
6782,井細田
6783,五百羅漢
6784,穴部
6785,飯田岡
6786,相模沼田
6787,岩原
6788,塚原
6789,和田河原
6790,富士フイルム前
6791,大雄山
6792,阿字ヶ浦
6793,磯崎
6794,平磯
6795,殿山
6796,那珂湊
6797,高田の鉄橋
6798,中根
6799,金上
6800,日工前
6801,中川
6802,センター北
6803,センター南
6804,仲町台
6805,新羽
6806,北新横浜
6807,岸根公園
6808,片倉町
6809,三ツ沢上町
6810,三ツ沢下町
6811,高島町
6812,伊勢佐木長者町
6813,阪東橋
6814,吉野町
6815,蒔田
6816,弘明寺
6817,港南中央
6818,上永谷
6819,下永谷
6820,舞岡
6821,踊場
6822,中田
6823,立場
6824,下飯田
6825,南部市場
6826,鳥浜
6827,並木北
6828,並木中央
6829,幸浦
6830,産業振興センター
6831,福浦
6832,市大医学部
6833,八景島
6834,海の公園柴口
6835,海の公園南口
6836,野島公園
6837,西取手
6838,寺原
6839,新取手
6840,ゆめみ野
6841,稲戸井
6842,戸頭
6843,南守谷
6844,新守谷
6845,小絹
6846,水海道
6847,北水海道
6848,中妻
6849,三妻
6850,南石下
6851,石下
6852,玉村
6853,宗道
6854,下妻
6855,大宝
6856,騰波ノ江
6857,黒子
6858,大田郷
6859,入地
6860,竜ヶ崎
6861,石上
6862,柳小路
6863,鵠沼
6864,湘南海岸公園
6865,江ノ島
6866,腰越
6867,鎌倉高校前
6868,七里ヶ浜
6869,稲村ヶ崎
6870,極楽寺
6871,長谷
6872,由比ヶ浜
6873,和田塚
6874,鉄道博物館
6875,加茂宮
6876,東宮原
6877,今羽
6878,吉野原
6879,原市
6880,沼南
6881,丸山
6882,志久
6883,伊奈中央
6884,羽貫
6885,内宿
6886,鉾田
6887,坂戸
6888,巴川
6889,借宿前
6890,榎本
6891,玉造町
6892,浜
6893,八木蒔
6894,桃浦
6895,小川高校下
6896,常陸小川
6897,四箇村
6898,新高浜
6899,玉里
6900,東田中
6901,石岡南台
6902,東水戸
6903,常澄
6904,大洗
6905,涸沼
6906,鹿島旭
6907,徳宿
6908,新鉾田
6909,北浦湖畔
6910,大洋
6911,鹿島灘
6912,鹿島大野
6913,長者ヶ浜潮騒はまなす公園前
6914,荒野台
6915,芝山千代田
6916,上総村上
6917,海士有木
6918,上総三又
6919,上総山田
6920,光風台
6921,馬立
6922,上総牛久
6923,上総川間
6924,上総鶴舞
6925,上総久保
6926,高滝
6927,里見
6928,飯給
6929,月崎
6930,上総大久保
6931,養老渓谷
6932,富士見町
6933,湘南町屋
6934,湘南深沢
6935,西鎌倉
6936,片瀬山
6937,目白山下
6938,南高崎
6939,佐野のわたし
6940,根小屋
6941,高崎商科大学前
6942,山名
6943,西山名
6944,馬庭
6945,吉井
6946,西吉井
6947,上州新屋
6948,上州福島
6949,東富岡
6950,上州富岡
6951,西富岡
6952,上州七日市
6953,上州一ノ宮
6954,神農原
6955,南蛇井
6956,千平
6957,下仁田
6958,中央前橋
6959,城東
6960,三俣
6961,片貝
6962,上泉
6963,赤坂
6964,心臓血管センター
6965,江木
6966,大胡
6967,樋越
6968,北原
6969,新屋
6970,粕川
6971,膳
6972,新里
6973,新川
6974,東新川
6975,桐生球場前
6976,天王宿
6977,富士山下
6978,丸山下
6979,西桐生
6980,新津田沼
6981,前原
6982,薬園台
6983,習志野
6984,北習志野
6985,高根木戸
6986,高根公団
6987,滝不動
6988,三咲
6989,二和向台
6990,鎌ヶ谷大仏
6991,初富
6992,北初富
6993,くぬぎ山
6994,元山
6995,五香
6996,常盤平
6997,みのり台
6998,松戸新田
6999,上本郷
7000,下館二高前
7001,折本
7002,ひぐち
7003,久下田
7004,寺内
7005,真岡
7006,北真岡
7007,西田井
7008,北山
7009,益子
7010,七井
7011,多田羅
7012,市塙
7013,笹原田
7014,天矢場
7015,茂木
7016,市役所前
7017,栄町
7018,葭川公園
7019,県庁前
7020,千葉公園
7021,作草部
7022,天台
7023,穴川
7024,スポーツセンター
7025,動物公園
7026,みつわ台
7027,桜木
7028,小倉台
7029,千城台北
7030,千城台
7031,小金城趾
7032,鰭ヶ崎
7033,平和台
7034,流山
7035,松が谷
7036,大塚・帝京大学
7037,中央大学・明星大学
7038,程久保
7039,万願寺
7040,甲州街道
7041,柴崎体育館
7042,立川南
7043,立川北
7044,高松
7045,立飛
7046,泉体育館
7047,砂川七番
7048,桜街道
7049,上北台
7050,仲ノ町
7051,観音
7052,本銚子
7053,笠上黒生
7054,西海鹿島
7055,海鹿島
7056,君ヶ浜
7057,犬吠
7058,外川
7059,天王洲アイル
7060,大井競馬場前
7061,流通センター
7062,昭和島
7063,整備場
7064,新整備場
7065,東雲
7066,国際展示場
7067,東京テレポート
7068,品川シーサイド
7069,東海神
7070,飯山満
7071,船橋日大前
7072,八千代緑が丘
7073,八千代中央
7074,村上
7075,箱根板橋
7076,風祭
7077,入生田
7078,箱根湯本
7079,塔ノ沢
7080,大平台
7081,宮ノ下
7082,小涌谷
7083,彫刻の森
7084,強羅
7085,新柴又
7086,矢切
7087,北国分
7088,秋山
7089,松飛台
7090,大町
7091,西白井
7092,白井
7093,小室
7094,印西牧の原
7095,龍王峡
7096,川治温泉
7097,川治湯元
7098,湯西川温泉
7099,中三依温泉
7100,上三依塩原温泉口
7101,男鹿高原
7102,赤土小学校前
7103,足立小台
7104,扇大橋
7105,高野
7106,江北
7107,西新井大師西
7108,谷在家
7109,舎人公園
7110,舎人
7111,見沼代親水公園
7112,川和町
7113,都筑ふれあいの丘
7114,北山田
7115,東山田
7116,高田
7117,日吉本町
7118,公園下
7119,公園上
7120,中強羅
7121,上強羅
7122,早雲山
7123,上大月
7124,田野倉
7125,禾生
7126,赤坂
7127,都留市
7128,谷村町
7129,都留文科大学前
7130,十日市場
7131,東桂
7132,三つ峠
7133,寿
7134,葭池温泉前
7135,下吉田
7136,月江寺
7137,富士山
7138,富士急ハイランド
7139,河口湖
7140,魚沼丘陵
7141,美佐島
7142,しんざ
7143,まつだい
7144,ほくほく大島
7145,虫川大杉
7146,うらがわら
7147,大池いこいの森
7148,くびき
7149,軽井沢
7150,中軽井沢
7151,信濃追分
7152,御代田
7153,平原
7154,滋野
7155,田中
7156,大屋
7157,信濃国分寺
7158,上田
7159,西上田
7160,テクノさかき
7161,坂城
7162,戸倉
7163,千曲
7164,屋代
7165,屋代高校前
7166,城下
7167,三好町
7168,赤坂上
7169,上田原
7170,寺下
7171,神畑
7172,大学前
7173,下之郷
7174,中塩田
7175,塩田町
7176,中野
7177,舞田
7178,八木沢
7179,別所温泉
7180,市役所前
7181,権堂
7182,善光寺下
7183,本郷
7184,桐原
7185,信濃吉田
7186,朝陽
7187,附属中学前
7188,柳原
7189,村山
7190,日野
7191,須坂
7192,北須坂
7193,小布施
7194,都住
7195,桜沢
7196,延徳
7197,信州中野
7198,中野松川
7199,信濃竹原
7200,夜間瀬
7201,上条
7202,湯田中
7203,東屋代
7204,雨宮
7205,岩野
7206,象山口
7207,松代
7208,金井山
7209,大室
7210,信濃川田
7211,若穂
7212,綿内
7213,井上
7214,西松本
7215,渚
7216,信濃荒井
7217,大庭
7218,下新
7219,北新・松本大学前
7220,新村
7221,三溝
7222,森口
7223,下島
7224,波田
7225,渕東
7226,新島々
7227,稲荷町
7228,新庄田中
7229,東新庄
7230,越中荏原
7231,越中三郷
7232,越中舟橋
7233,寺田
7234,越中泉
7235,相ノ木
7236,新相ノ木
7237,上市
7238,新宮川
7239,中加積
7240,西加積
7241,西滑川
7242,中滑川
7243,滑川
7244,浜加積
7245,早月加積
7246,越中中村
7247,西魚津
7248,電鉄魚津
7249,新魚津
7250,経田
7251,電鉄石田
7252,電鉄黒部
7253,東三日市
7254,荻生
7255,長屋
7256,新黒部
7257,舌山
7258,若栗
7259,栃屋
7260,浦山
7261,下立口
7262,下立
7263,愛本
7264,内山
7265,音沢
7266,宇奈月温泉
7267,稚子塚
7268,田添
7269,五百石
7270,榎町
7271,下段
7272,釜ヶ淵
7273,沢中山
7274,岩峅寺
7275,横江
7276,千垣
7277,有峰口
7278,本宮
7279,立山
7280,栄町
7281,不二越
7282,大泉
7283,南富山
7284,朝菜町
7285,上堀
7286,小杉
7287,布市
7288,開発
7289,月岡
7290,大庄
7291,上滝
7292,大川寺
7293,飛騨中山
7294,茂住
7295,漆山
7296,神岡鉱山前
7297,飛騨神岡
7298,神岡大橋
7299,奥飛騨温泉口
7300,黒薙
7301,鐘釣
7302,欅平
7303,丸の内
7304,大町
7305,国際会議場前
7306,堀川小泉
7307,大手モール
7308,小泉町
7309,グランドプラザ前
7310,西中野
7311,広貫堂前
7312,中町（西町北）
7313,上本町
7314,荒町
7315,西町
7316,桜橋
7317,電気ビル前
7318,地鉄ビル前
7319,新富町
7320,県庁前
7321,諏訪川原
7322,安野屋
7323,富山トヨペット本社前
7324,大学前
7325,末広町
7326,片原町
7327,坂下町
7328,急患医療センター前
7329,広小路
7330,志貴野中学校前
7331,市民病院前
7332,江尻
7333,旭ヶ丘
7334,荻布
7335,新能町
7336,米島口
7337,能町口
7338,新吉久
7339,吉久
7340,中伏木
7341,六渡寺
7342,庄川口
7343,西新湊
7344,新町口
7345,中新湊
7346,東新湊
7347,海王丸
7348,越ノ潟
7349,インテック本社前
7350,奥田中学校前
7351,下奥井
7352,粟島（大阪屋ショップ前）
7353,越中中島
7354,城川原
7355,犬島新町
7356,蓮町
7357,大広田
7358,東岩瀬
7359,競輪場前
7360,岩瀬浜
7361,野町
7362,西泉
7363,押野
7364,野々市
7365,野々市工大前
7366,馬替
7367,額住宅前
7368,乙丸
7369,四十万
7370,陽羽里
7371,曽谷
7372,道法寺
7373,井口
7374,小柳
7375,日御子
7376,鶴来
7377,中鶴来
7378,加賀一の宮
7379,七ツ屋
7380,上諸江
7381,磯部
7382,割出
7383,三口
7384,三ツ屋
7385,大河端
7386,北間
7387,蚊爪
7388,粟ヶ崎
7389,内灘
7390,田鶴浜
7391,笠師保
7392,能登中島
7393,西岸
7394,能登鹿島
7395,穴水
7396,新福井
7397,福井口
7398,越前開発
7399,越前新保
7400,追分口
7401,東藤島
7402,越前島橋
7403,観音町
7404,松岡
7405,志比堺
7406,永平寺口
7407,下志比
7408,光明寺
7409,轟
7410,越前野中
7411,山王
7412,越前竹原
7413,小舟渡
7414,保田
7415,発坂
7416,比島
7417,勝山
7418,まつもと町屋
7419,西別院
7420,田原町
7421,福大前西福井
7422,日華化学前
7423,八ツ島
7424,新田塚
7425,中角
7426,鷲塚針原
7427,太郎丸エンゼルランド
7428,西春江ハートピア
7429,西長田ゆりの里
7430,下兵庫こうふく
7431,大関
7432,本荘
7433,番田
7434,あわら湯のまち
7435,水居
7436,三国神社
7437,三国
7438,三国港
7439,越前武生
7440,北府
7441,スポーツ公園
7442,家久
7443,サンドーム西
7444,西鯖江
7445,西山公園
7446,水落
7447,神明
7448,鳥羽中
7449,三十八社
7450,泰澄の里
7451,浅水
7452,ハーモニーホール
7453,清明
7454,江端
7455,ベル前
7456,花堂
7457,赤十字前
7458,商工会議所前
7459,足羽山公園口
7460,福井城址大名町
7461,仁愛女子高校
7462,谷浜
7463,有間川
7464,名立
7465,筒石
7466,能生
7467,浦本
7468,梶屋敷
7469,青海
7470,親不知
7471,市振
7472,春日山
7473,高田
7474,南高田
7475,上越妙高
7476,北新井
7477,新井
7478,二本木
7479,関山
7480,妙高高原
7481,倶利伽羅
7482,石動
7483,福岡
7484,西高岡
7485,高岡やぶなみ
7486,越中大門
7487,小杉
7488,呉羽
7489,東富山
7490,水橋
7491,東滑川
7492,黒部
7493,生地
7494,西入善
7495,入善
7496,泊
7497,越中宮崎
7498,東金沢
7499,森本
7500,牟礼
7501,古間
7502,黒姫
7503,南伊東
7504,川奈
7505,富戸
7506,城ヶ崎海岸
7507,伊豆高原
7508,伊豆大川
7509,伊豆北川
7510,伊豆熱川
7511,片瀬白田
7512,伊豆稲取
7513,今井浜海岸
7514,河津
7515,稲梓
7516,蓮台寺
7517,伊豆急下田
7518,三島広小路
7519,三島田町
7520,三島二日町
7521,大場
7522,伊豆仁田
7523,原木
7524,韮山
7525,伊豆長岡
7526,田京
7527,大仁
7528,牧之郷
7529,修善寺
7530,ジヤトコ前（ジヤトコ１地区前）
7531,吉原本町
7532,本吉原
7533,岳南原田
7534,比奈
7535,岳南富士岡
7536,須津
7537,神谷
7538,岳南江尾
7539,新静岡
7540,日吉町
7541,音羽町
7542,春日町
7543,柚木
7544,長沼
7545,古庄
7546,県総合運動場
7547,県立美術館前
7548,御門台
7549,狐ヶ崎
7550,桜橋
7551,入江岡
7552,新清水
7553,掛川市役所前
7554,西掛川
7555,桜木
7556,いこいの広場
7557,細谷
7558,原谷
7559,原田
7560,戸綿
7561,遠州森
7562,森町病院前
7563,円田
7564,遠江一宮
7565,敷地
7566,豊岡
7567,上野部
7568,天竜二俣
7569,二俣本町
7570,西鹿島
7571,岩水寺
7572,宮口
7573,フルーツパーク
7574,都田
7575,常葉大学前
7576,金指
7577,岡地
7578,気賀
7579,西気賀
7580,寸座
7581,浜名湖佐久米
7582,東都筑
7583,都筑
7584,三ヶ日
7585,奥浜名湖
7586,尾奈
7587,知波田
7588,大森
7589,アスモ前
7590,第一通り
7591,遠州病院
7592,八幡
7593,助信
7594,曳馬
7595,上島
7596,自動車学校前
7597,さぎの宮
7598,積志
7599,遠州西ヶ崎
7600,遠州小松
7601,浜北
7602,美薗中央公園
7603,遠州小林
7604,遠州芝本
7605,遠州岩水寺
7606,新金谷
7607,代官町
7608,日切
7609,五和
7610,神尾
7611,福用
7612,大和田
7613,家山
7614,抜里
7615,川根温泉笹間渡
7616,地名
7617,塩郷
7618,下泉
7619,田野口
7620,駿河徳山
7621,青部
7622,崎平
7623,千頭
7624,川根両国
7625,沢間
7626,土本
7627,川根小山
7628,奥泉
7629,アプトいちしろ
7630,長島ダム
7631,ひらんだ
7632,奥大井湖上
7633,接岨峡温泉
7634,尾盛
7635,閑蔵
7636,井川
7637,小本
7638,荒子
7639,南荒子
7640,中島
7641,名古屋競馬場前
7642,荒子川公園
7643,稲永
7644,野跡
7645,金城ふ頭
7646,尾張星の宮
7647,小田井
7648,比良
7649,味美
7650,六名
7651,北岡崎
7652,大門
7653,北野桝塚
7654,三河上郷
7655,永覚
7656,末野原
7657,三河豊田
7658,新上挙母
7659,新豊田
7660,愛環梅坪
7661,四郷
7662,貝津
7663,保見
7664,篠原
7665,八草
7666,山口
7667,瀬戸口
7668,中水野
7669,藤が丘
7670,はなみずき通
7671,杁ヶ池公園
7672,長久手古戦場
7673,芸大通
7674,公園西
7675,愛・地球博記念公園
7676,陶磁資料館南
7677,高畑
7678,岩塚
7679,中村公園
7680,中村日赤
7681,本陣
7682,亀島
7683,伏見
7684,新栄町
7685,今池
7686,池下
7687,覚王山
7688,本山
7689,東山公園
7690,星ヶ丘
7691,一社
7692,上社
7693,本郷
7694,ナゴヤドーム前矢田
7695,平安通
7696,志賀本通
7697,黒川
7698,名城公園
7699,市役所
7700,久屋大通
7701,矢場町
7702,上前津
7703,東別院
7704,西高蔵
7705,神宮西
7706,伝馬町
7707,堀田
7708,妙音通
7709,新瑞橋
7710,瑞穂運動場東
7711,総合リハビリセンター
7712,八事
7713,八事日赤
7714,名古屋大学
7715,自由ヶ丘
7716,茶屋ヶ坂
7717,砂田橋
7718,日比野
7719,六番町
7720,東海通
7721,港区役所
7722,築地口
7723,名古屋港
7724,庄内緑地公園
7725,庄内通
7726,浄心
7727,浅間町
7728,丸の内
7729,大須観音
7730,荒畑
7731,御器所
7732,川名
7733,いりなか
7734,塩釜口
7735,植田
7736,原
7737,平針
7738,中村区役所
7739,国際センター
7740,高岳
7741,車道
7742,吹上
7743,桜山
7744,瑞穂区役所
7745,瑞穂運動場西
7746,桜本町
7747,鶴里
7748,野並
7749,鳴子北
7750,相生山
7751,神沢
7752,徳重
7753,東田中
7754,上末
7755,桃花台西
7756,桃花台センター
7757,桃花台東
7758,柳生橋
7759,小池
7760,愛知大学前
7761,南栄
7762,高師
7763,芦原
7764,植田
7765,向ヶ丘
7766,大清水
7767,老津
7768,杉山
7769,やぐま台
7770,豊島
7771,神戸
7772,三河田原
7773,駅前大通
7774,新川
7775,札木
7776,市役所前
7777,豊橋公園前
7778,東八町
7779,前畑
7780,東田坂上
7781,東田
7782,競輪場前
7783,井原
7784,赤岩口
7785,運動公園前
7786,金屋
7787,川宮
7788,川村
7789,白沢渓谷
7790,小幡緑地
7791,東野
7792,飯沼
7793,阿木
7794,飯羽間
7795,極楽
7796,岩村
7797,花白温泉
7798,山岡
7799,野志
7800,明智
7801,前平公園
7802,加茂野
7803,富加
7804,関富岡
7805,関口
7806,刃物会館前
7807,関
7808,関市役所前
7809,関下有知
7810,松森
7811,美濃市
7812,梅山
7813,湯の洞温泉口
7814,洲原
7815,母野
7816,木尾
7817,八坂
7818,みなみ子宝温泉
7819,大矢
7820,福野
7821,美並苅安
7822,赤池
7823,深戸
7824,相生
7825,郡上八幡
7826,自然園前
7827,山田
7828,徳永
7829,郡上大和
7830,万場
7831,上万場
7832,大中
7833,大島
7834,美濃白鳥
7835,白鳥高原
7836,白山長滝
7837,北濃
7838,東大垣
7839,横屋
7840,十九条
7841,美江寺
7842,北方真桑
7843,モレラ岐阜
7844,糸貫
7845,本巣
7846,織部
7847,木知原
7848,谷汲口
7849,神海
7850,高科
7851,鍋原
7852,日当
7853,高尾
7854,水鳥
7855,樽見
7856,大矢知
7857,平津
7858,暁学園前
7859,山城
7860,保々
7861,北勢中央公園口
7862,梅戸井
7863,大安
7864,三里
7865,丹生川
7866,伊勢治田
7867,東藤原
7868,西野尻
7869,西藤原
7870,馬道
7871,西別所
7872,蓮花寺
7873,在良
7874,星川
7875,七和
7876,穴太
7877,東員
7878,大泉
7879,楚原
7880,麻生田
7881,阿下喜
7882,鈴鹿
7883,玉垣
7884,鈴鹿サーキット稲生
7885,徳田
7886,中瀬古
7887,伊勢上野
7888,河芸
7889,東一身田
7890,四十九
7891,フジテック前
7892,鳥居本
7893,ひこね芹川
7894,彦根口
7895,高宮
7896,尼子
7897,豊郷
7898,愛知川
7899,五箇荘
7900,河辺の森
7901,八日市
7902,長谷野
7903,大学前
7904,京セラ前
7905,桜川
7906,朝日大塚
7907,朝日野
7908,日野
7909,水口松尾
7910,水口
7911,水口石橋
7912,水口城南
7913,スクリーン
7914,多賀大社前
7915,新八日市
7916,太郎坊宮前
7917,市辺
7918,平田
7919,武佐
7920,紫香楽宮跡
7921,雲井
7922,勅旨
7923,玉桂寺前
7924,信楽
7925,トロッコ嵐山
7926,トロッコ保津峡
7927,トロッコ亀岡
7928,元田中
7929,茶山
7930,一乗寺
7931,修学院
7932,宝ヶ池
7933,三宅八幡
7934,八瀬比叡山口
7935,八幡前
7936,岩倉
7937,木野
7938,京都精華大前
7939,二軒茶屋
7940,市原
7941,二ノ瀬
7942,貴船口
7943,鞍馬
7944,福知山市民病院口
7945,荒河かしの木台
7946,牧
7947,下天津
7948,公庄
7949,大江
7950,大江高校前
7951,二俣
7952,大江山口内宮
7953,辛皮
7954,喜多
7955,宮村
7956,宮津
7957,天橋立
7958,岩滝口
7959,与謝野
7960,京丹後大宮
7961,峰山
7962,網野
7963,夕日ヶ浦木津温泉
7964,小天橋
7965,かぶと山
7966,久美浜
7967,コウノトリの郷
7968,国際会館
7969,松ヶ崎
7970,北山
7971,北大路
7972,鞍馬口
7973,今出川
7974,丸太町
7975,烏丸御池
7976,五条
7977,九条
7978,十条
7979,くいな橋
7980,石田
7981,醍醐
7982,小野
7983,椥辻
7984,東野
7985,蹴上
7986,東山
7987,京都市役所前
7988,二条城前
7989,西大路御池
7990,太秦天神川
7991,西大路三条
7992,山ノ内
7993,嵐電天神川
7994,蚕ノ社
7995,太秦広隆寺
7996,帷子ノ辻
7997,有栖川
7998,車折神社
7999,鹿王院
8000,嵐電嵯峨
8001,嵐山
8002,撮影所前
8003,常盤
8004,鳴滝
8005,宇多野
8006,御室仁和寺
8007,妙心寺
8008,龍安寺
8009,等持院
8010,北野白梅町
8011,千里中央
8012,桃山台
8013,緑地公園
8014,江坂
8015,絹延橋
8016,滝山
8017,鶯の森
8018,鼓滝
8019,多田
8020,平野
8021,一の鳥居
8022,畦野
8023,山下
8024,笹部
8025,光風台
8026,ときわ台
8027,妙見口
8028,深井
8029,泉ヶ丘
8030,栂・美木多
8031,光明池
8032,和泉中央
8033,貝塚市役所前
8034,近義の里
8035,石才
8036,清児
8037,名越
8038,森
8039,三ツ松
8040,三ヶ山口
8041,水間観音
8042,東三国
8043,中津
8044,本町
8045,心斎橋
8046,大国町
8047,昭和町
8048,西田辺
8049,あびこ
8050,北花田
8051,新金岡
8052,大日
8053,守口
8054,太子橋今市
8055,千林大宮
8056,関目高殿
8057,野江内代
8058,都島
8059,中崎町
8060,谷町四丁目
8061,谷町六丁目
8062,谷町九丁目
8063,四天王寺前夕陽ヶ丘
8064,阿倍野
8065,文の里
8066,田辺
8067,駒川中野
8068,平野
8069,喜連瓜破
8070,出戸
8071,長原
8072,八尾南
8073,四ツ橋
8074,花園町
8075,岸里
8076,玉出
8077,北加賀屋
8078,住之江公園
8079,コスモスクエア
8080,大阪港
8081,朝潮橋
8082,阿波座
8083,堺筋本町
8084,緑橋
8085,深江橋
8086,西長堀
8087,今里
8088,新深江
8089,小路
8090,北巽
8091,南巽
8092,長堀橋
8093,恵美須町
8094,西大橋
8095,松屋町
8096,大阪ビジネスパーク
8097,蒲生四丁目
8098,今福鶴見
8099,横堤
8100,鶴見緑地
8101,門真南
8102,トレードセンター前
8103,中ふ頭
8104,ポートタウン西
8105,ポートタウン東
8106,フェリーターミナル
8107,南港東
8108,南港口
8109,平林
8110,大阪空港
8111,柴原
8112,少路
8113,万博記念公園
8114,宇野辺
8115,沢良宜
8116,摂津
8117,南摂津
8118,公園東口
8119,阪大病院前
8120,豊川
8121,彩都西
8122,松虫
8123,東天下茶屋
8124,北畠
8125,姫松
8126,帝塚山三丁目
8127,帝塚山四丁目
8128,神ノ木
8129,住吉
8130,今池
8131,今船
8132,松田町
8133,北天下茶屋
8134,聖天坂
8135,天神ノ森
8136,塚西
8137,細井川
8138,安立町
8139,我孫子道
8140,大和川
8141,高須神社
8142,綾ノ町
8143,神明町
8144,妙国寺前
8145,花田口
8146,大小路
8147,宿院
8148,寺地町
8149,御陵前
8150,東湊
8151,石津北
8152,石津
8153,船尾
8154,花隈
8155,西元町
8156,高速神戸
8157,新開地
8158,大開
8159,高速長田
8160,西代
8161,湊川
8162,長田
8163,丸山
8164,鵯越
8165,菊水山
8166,鈴蘭台
8167,北鈴蘭台
8168,山の街
8169,箕谷
8170,谷上
8171,花山
8172,大池
8173,神鉄六甲
8174,唐櫃台
8175,有馬口
8176,新有馬
8177,有馬温泉
8178,五社
8179,岡場
8180,田尾寺
8181,二郎
8182,道場南口
8183,神鉄道場
8184,横山
8185,三田本町
8186,フラワータウン
8187,南ウッディタウン
8188,ウッディタウン中央
8189,鈴蘭台西口
8190,西鈴蘭台
8191,藍那
8192,木津
8193,木幡
8194,栄
8195,押部谷
8196,緑が丘
8197,広野ゴルフ場前
8198,志染
8199,恵比須
8200,三木上の丸
8201,三木
8202,大村
8203,樫山
8204,市場
8205,小野
8206,葉多
8207,新神戸
8208,板宿
8209,東須磨
8210,月見山
8211,須磨寺
8212,須磨浦公園
8213,滝の茶屋
8214,東垂水
8215,霞ヶ丘
8216,西舞子
8217,大蔵谷
8218,人丸前
8219,西新町
8220,林崎松江海岸
8221,藤江
8222,中八木
8223,江井ヶ島
8224,西江井ヶ島
8225,山陽魚住
8226,東二見
8227,西二見
8228,播磨町
8229,別府
8230,浜の宮
8231,尾上の松
8232,高砂
8233,荒井
8234,伊保
8235,山陽曽根
8236,大塩
8237,的形
8238,八家
8239,白浜の宮
8240,妻鹿
8241,飾磨
8242,亀山
8243,手柄
8244,西飾磨
8245,夢前川
8246,広畑
8247,山陽天満
8248,平松
8249,山陽網干
8250,日生中央
8251,国包
8252,宗佐
8253,下石野
8254,石野
8255,西這田
8256,別所
8257,高木
8258,三木
8259,網引
8260,田原
8261,法華口
8262,播磨下里
8263,長
8264,播磨横田
8265,北条町
8266,苔縄
8267,河野原円心
8268,久崎
8269,平福
8270,石井
8271,宮本武蔵
8272,大原
8273,西粟倉
8274,あわくら温泉
8275,山郷
8276,恋山形
8277,妙法寺
8278,名谷
8279,総合運動公園
8280,学園都市
8281,伊川谷
8282,西神南
8283,西神中央
8284,県庁前
8285,大倉山
8286,上沢
8287,長田
8288,駒ヶ林
8289,苅藻
8290,御崎公園
8291,中央市場前
8292,みなと元町
8293,旧居留地・大丸前
8294,貿易センター
8295,ポートターミナル
8296,中公園
8297,みなとじま
8298,市民広場
8299,医療センター
8300,京コンピュータ前
8301,神戸空港
8302,南公園
8303,中埠頭
8304,北埠頭
8305,南魚崎
8306,アイランド北口
8307,アイランドセンター
8308,マリンパーク
8309,学門
8310,紀伊御坊
8311,市役所前
8312,西御坊
8313,田中口
8314,日前宮
8315,神前
8316,竈山
8317,交通センター前
8318,岡崎前
8319,吉礼
8320,伊太祈曽
8321,山東
8322,大池遊園
8323,西山口
8324,甘露寺前
8325,貴志
8326,井高野
8327,瑞光四丁目
8328,だいどう豊里
8329,清水
8330,新森古市
8331,栗田
8332,丹後由良
8333,丹後神崎
8334,東雲
8335,四所
8336,八頭高校前
8337,因幡船岡
8338,隼
8339,安部
8340,八東
8341,徳丸
8342,丹比
8343,若桜
8344,出雲科学館パークタウン前
8345,大津町
8346,武志
8347,川跡
8348,大寺
8349,美談
8350,旅伏
8351,雲州平田
8352,布崎
8353,湖遊館新駅
8354,園
8355,一畑口
8356,伊野灘
8357,津ノ森
8358,高ノ宮
8359,松江フォーゲルパーク
8360,秋鹿町
8361,長江
8362,朝日ヶ丘
8363,松江イングリッシュガーデン前
8364,松江しんじ湖温泉
8365,高浜
8366,遙堪
8367,浜山公園北口
8368,出雲大社前
8369,球場前
8370,西富井
8371,福井
8372,浦田
8373,弥生
8374,栄
8375,常盤
8376,水島
8377,三菱自工前
8378,川辺宿
8379,吉備真備
8380,備中呉妹
8381,三谷
8382,矢掛
8383,小田
8384,早雲の里荏原
8385,井原
8386,いずえ
8387,子守唄の里高屋
8388,御領
8389,湯野
8390,西川緑道公園
8391,柳川
8392,城下
8393,県庁通り
8394,西大寺町
8395,小橋
8396,中納言
8397,門田屋敷
8398,東山
8399,郵便局前
8400,田町
8401,新西大寺町筋
8402,大雲寺前
8403,東中央町
8404,清輝橋
8405,みどり中街
8406,みどり中央
8407,本通
8408,県庁前
8409,城北
8410,白島
8411,牛田
8412,不動院前
8413,祇園新橋北
8414,西原
8415,中筋
8416,古市
8417,毘沙門台
8418,安東
8419,上安
8420,高取
8421,長楽寺
8422,伴
8423,大原
8424,伴中央
8425,大塚
8426,広域公園前
8427,猿猴橋町
8428,的場町
8429,稲荷町
8430,銀山町
8431,胡町
8432,八丁堀
8433,立町
8434,紙屋町東
8435,袋町
8436,中電前
8437,市役所前
8438,鷹野橋
8439,日赤病院前
8440,広電本社前
8441,御幸橋
8442,皆実町六丁目
8443,広大附属学校前
8444,県病院前
8445,宇品二丁目
8446,宇品三丁目
8447,宇品四丁目
8448,宇品五丁目
8449,海岸通
8450,元宇品口
8451,広島港（宇品）
8452,紙屋町西
8453,原爆ドーム前
8454,本川町
8455,十日市町
8456,土橋
8457,小網町
8458,天満町
8459,観音町
8460,西観音町
8461,福島町
8462,東高須
8463,高須
8464,古江
8465,草津
8466,草津南
8467,井口
8468,修大協創中高前
8469,佐伯区役所前
8470,楽々園
8471,山陽女学園前
8472,廿日市市役所前（平良）
8473,ＪＡ広島病院前
8474,地御前
8475,阿品東
8476,宮島ボートレース場
8477,段原一丁目
8478,比治山下
8479,比治山橋
8480,南区役所前
8481,皆実町二丁目
8482,舟入町
8483,舟入本町
8484,舟入幸町
8485,舟入川口町
8486,舟入南
8487,江波
8488,横川一丁目
8489,別院前
8490,寺町
8491,女学院前
8492,縮景園前
8493,家庭裁判所前
8494,白島
8495,清流新岩国
8496,守内かさ神
8497,南河内
8498,行波
8499,北河内
8500,椋野
8501,南桑
8502,清流みはらし
8503,根笠
8504,河山
8505,柳瀬
8506,錦町
8507,宍喰
8508,甲浦
8509,片原町
8510,瓦町
8511,栗林公園
8512,三条
8513,太田
8514,仏生山
8515,空港通り
8516,一宮
8517,円座
8518,岡本
8519,挿頭丘
8520,畑田
8521,陶
8522,綾川（イオンモール綾川）
8523,滝宮
8524,羽床
8525,栗熊
8526,岡田
8527,羽間
8528,榎井
8529,花園
8530,林道
8531,木太東口
8532,元山
8533,水田
8534,西前田
8535,高田
8536,池戸
8537,農学部前
8538,平木
8539,学園通り
8540,白山
8541,井戸
8542,公文明
8543,長尾
8544,今橋
8545,松島二丁目
8546,沖松島
8547,春日川
8548,潟元
8549,琴電屋島
8550,古高松
8551,八栗
8552,六万寺
8553,大町
8554,塩屋
8555,房前
8556,原
8557,松山市
8558,土橋
8559,土居田
8560,余戸
8561,鎌田
8562,岡田
8563,古泉
8564,松前
8565,地蔵町
8566,新川
8567,郡中
8568,高浜
8569,梅津寺
8570,港山
8571,三津
8572,山西
8573,西衣山
8574,衣山
8575,古町
8576,大手町
8577,石手川公園
8578,いよ立花
8579,福音寺
8580,北久米
8581,久米
8582,鷹ノ子
8583,平井
8584,梅本
8585,牛渕団地前
8586,牛渕
8587,田窪
8588,見奈良
8589,愛大医学部南口
8590,横河原
8591,南堀端
8592,西堀端
8593,宮田町
8594,萱町六丁目
8595,本町六丁目
8596,木屋町
8597,高砂町
8598,清水町
8599,鉄砲町
8600,赤十字病院前
8601,平和通一丁目
8602,上一万
8603,警察署前
8604,勝山町
8605,大街道
8606,県庁前
8607,市役所前
8608,南町
8609,道後公園
8610,道後温泉
8611,本町五丁目
8612,本町四丁目
8613,本町三丁目
8614,荷稲
8615,伊与喜
8616,土佐佐賀
8617,佐賀公園
8618,土佐白浜
8619,有井川
8620,土佐上川口
8621,海の王迎
8622,浮鞭
8623,土佐入野
8624,西大方
8625,古津賀
8626,中村
8627,具同
8628,国見
8629,有岡
8630,工業団地
8631,平田
8632,東宿毛
8633,宿毛
8634,後免町
8635,立田
8636,のいち
8637,よしかわ
8638,あかおか
8639,香我美
8640,夜須
8641,西分
8642,和食
8643,赤野
8644,穴内
8645,球場前
8646,安芸
8647,伊尾木
8648,下山
8649,唐浜
8650,安田
8651,田野
8652,奈半利
8653,後免東町
8654,後免中町
8655,後免西町
8656,東工業前
8657,住吉通
8658,篠原
8659,小篭通
8660,長崎
8661,明見橋
8662,清和学園前
8663,領石通
8664,北浦
8665,舟戸
8666,鹿児
8667,田辺島通
8668,東新木
8669,新木
8670,介良通
8671,文珠通
8672,高須
8673,県立美術館通
8674,西高須
8675,葛島橋東詰
8676,知寄町三丁目
8677,知寄町
8678,知寄町二丁目
8679,知寄町一丁目
8680,宝永町
8681,菜園場町
8682,デンテツターミナルビル前
8683,はりまや橋
8684,堀詰
8685,大橋通
8686,高知城前
8687,県庁前
8688,グランド通
8689,枡形
8690,上町一丁目
8691,上町二丁目
8692,上町四丁目
8693,上町五丁目
8694,旭町一丁目
8695,旭駅前通
8696,旭町三丁目
8697,蛍橋
8698,鏡川橋
8699,鴨部
8700,曙町東町
8701,曙町
8702,朝倉
8703,朝倉神社前
8704,宮の奥
8705,咥内
8706,宇治団地前
8707,八代通
8708,中山
8709,伊野商業前
8710,北内
8711,北山
8712,鳴谷
8713,伊野
8714,高知橋
8715,蓮池町通
8716,梅の辻
8717,桟橋通一丁目
8718,桟橋通二丁目
8719,桟橋通三丁目
8720,桟橋通四丁目
8721,桟橋車庫前
8722,桟橋通五丁目
8723,立野
8724,大板井
8725,松崎
8726,今隈
8727,西太刀洗
8728,山隈
8729,太刀洗
8730,高田
8731,南直方御殿口
8732,あかぢ
8733,藤棚
8734,中泉
8735,市場
8736,ふれあい生力
8737,赤池
8738,人見
8739,金田
8740,上金田
8741,糒
8742,田川市立病院
8743,下伊田
8744,豊前大熊
8745,松山
8746,糸田
8747,大藪
8748,上伊田
8749,勾金
8750,柿下温泉口
8751,内田
8752,赤
8753,油須原
8754,源じいの森
8755,崎山
8756,犀川
8757,東犀川三四郎
8758,新豊津
8759,豊津
8760,今川河童
8761,美夜古泉
8762,福岡空港
8763,東比恵
8764,祇園
8765,中洲川端
8766,天神
8767,赤坂
8768,大濠公園
8769,唐人町
8770,西新
8771,藤崎
8772,室見
8773,呉服町
8774,千代県庁口
8775,馬出九大病院前
8776,箱崎宮前
8777,箱崎九大前
8778,橋本
8779,次郎丸
8780,賀茂
8781,野芥
8782,梅林
8783,福大前
8784,七隈
8785,金山
8786,茶山
8787,別府
8788,六本松
8789,桜坂
8790,薬院大通
8791,渡辺通
8792,天神南
8793,平和通
8794,旦過
8795,香春口三萩野
8796,片野
8797,城野
8798,北方
8799,競馬場前
8800,守恒
8801,徳力公団前
8802,徳力嵐山口
8803,志井
8804,企救丘
8805,西黒崎
8806,熊西
8807,萩原
8808,穴生
8809,森下
8810,今池
8811,永犬丸
8812,三ヶ森
8813,西山
8814,通谷
8815,東中間
8816,筑豊中間
8817,希望が丘高校前
8818,筑豊香月
8819,楠橋
8820,新木屋瀬
8821,木屋瀬
8822,遠賀野
8823,感田
8824,筑豊直方
8825,三代橋
8826,黒川
8827,蔵宿
8828,西有田
8829,大木
8830,山谷
8831,夫婦石
8832,金武
8833,川東
8834,東山代
8835,里
8836,楠久
8837,鳴石
8838,久原
8839,波瀬
8840,浦ノ崎
8841,福島口
8842,今福
8843,鷹島口
8844,前浜
8845,調川
8846,松浦
8847,松浦発電所前
8848,御厨
8849,西木場
8850,東田平
8851,中田平
8852,たびら平戸口
8853,西田平
8854,すえたちばな
8855,江迎鹿町
8856,高岩
8857,いのつき
8858,潜竜ヶ滝
8859,吉井
8860,神田
8861,清峰高校前
8862,佐々
8863,小浦
8864,真申
8865,棚方
8866,相浦
8867,大学
8868,上相浦
8869,本山
8870,中里
8871,皆瀬
8872,野中
8873,左石
8874,泉福寺
8875,山の田
8876,北佐世保
8877,中佐世保
8878,佐世保中央
8879,本諫早
8880,幸
8881,小野本町
8882,干拓の里
8883,森山
8884,釜ノ鼻
8885,諫早東高校前
8886,愛野
8887,阿母崎
8888,吾妻
8889,古部
8890,大正
8891,西郷
8892,神代町
8893,多比良町
8894,島鉄湯江
8895,大三東
8896,松尾町
8897,三会
8898,島原
8899,島鉄本社前
8900,南島原
8901,島原外港
8902,秩父が浦
8903,安徳
8904,瀬野深江
8905,深江
8906,布津新田
8907,布津
8908,堂崎
8909,蒲河
8910,有家
8911,西有家
8912,龍石
8913,北有馬
8914,常光寺前
8915,浦田観音
8916,原城
8917,有馬吉川
8918,東大屋
8919,口之津
8920,白浜海水浴場前
8921,加津佐
8922,赤迫
8923,住吉
8924,千歳町
8925,若葉町
8926,長崎大学
8927,岩屋橋
8928,浦上車庫
8929,大橋
8930,平和公園
8931,原爆資料館
8932,大学病院
8933,茂里町
8934,銭座町
8935,宝町
8936,八千代町
8937,五島町
8938,大波止
8939,出島
8940,新地中華街
8941,西浜町
8942,観光通
8943,思案橋
8944,崇福寺
8945,蛍茶屋
8946,新中川町
8947,新大工町
8948,諏訪神社
8949,市民会館
8950,桜町
8951,めがね橋
8952,浜町アーケード
8953,浜町アーケード
8954,メディカルセンター
8955,大浦海岸通
8956,大浦天主堂
8957,石橋
8958,藤崎宮前
8959,黒髪町
8960,北熊本
8961,亀井
8962,八景水谷
8963,堀川
8964,新須屋
8965,須屋
8966,三ツ石
8967,黒石
8968,熊本高専前
8969,再春荘前
8970,御代志
8971,韓々坂
8972,池田
8973,打越
8974,坪井川公園
8975,長陽
8976,加勢
8977,阿蘇下田城ふれあい温泉
8978,南阿蘇水の生まれる里白水高原
8979,中松
8980,阿蘇白川
8981,南阿蘇白川水源
8982,見晴台
8983,高森
8984,相良藩願成寺
8985,川村
8986,肥後西村
8987,一武
8988,木上
8989,おかどめ幸福
8990,あさぎり
8991,東免田
8992,公立病院前
8993,多良木
8994,東多良木
8995,新鶴羽
8996,湯前
8997,肥後高田
8998,日奈久温泉
8999,肥後二見
9000,上田浦
9001,たのうら御立岬公園
9002,肥後田浦
9003,海浦
9004,佐敷
9005,湯浦
9006,津奈木
9007,新水俣
9008,水俣
9009,袋
9010,米ノ津
9011,出水
9012,西出水
9013,高尾野
9014,野田郷
9015,折口
9016,阿久根
9017,牛ノ浜
9018,薩摩大川
9019,西方
9020,薩摩高城
9021,草道
9022,上川内
9023,田崎橋
9024,二本木口
9025,祇園橋
9026,呉服町
9027,河原町
9028,慶徳校前
9029,辛島町
9030,花畑町
9031,熊本城・市役所前
9032,通町筋
9033,水道町
9034,九品寺交差点
9035,交通局前
9036,味噌天神前
9037,国府
9038,水前寺公園
9039,市立体育館前
9040,商業高校前
9041,八丁馬場
9042,神水・市民病院前
9043,健軍校前
9044,動植物園入口
9045,健軍交番前
9046,健軍町
9047,県立体育館前
9048,本妙寺入口
9049,杉塘
9050,段山町
9051,蔚山町
9052,新町
9053,洗馬橋
9054,西辛島町
9055,桜島桟橋通
9056,水族館口
9057,市役所前
9058,朝日通
9059,いづろ通
9060,天文館通
9061,高見馬場
9062,甲東中学校前
9063,新屋敷
9064,武之橋
9065,二中通
9066,荒田八幡
9067,騎射場
9068,鴨池
9069,郡元
9070,郡元南
9071,涙橋
9072,二軒茶屋
9073,宇宿一丁目
9074,笹貫
9075,上塩屋
9076,谷山
9077,加治屋町
9078,高見橋
9079,都通
9080,中洲通
9081,市立病院前
9082,神田（交通局前）
9083,唐湊
9084,工学部前
9085,中郡
9086,那覇空港
9087,赤嶺
9088,小禄
9089,奥武山公園
9090,壺川
9091,旭橋
9092,県庁前
9093,美栄橋
9094,牧志
9095,安里
9096,おもろまち
9097,古島
9098,市立病院前
9099,儀保
9100,首里
9101,出光美術館
9102,ノーフォーク広場
9103,関門海峡めかり
